0|15
1|26
2|1
3|17
4|9
5|0
6|1
7|21
8|19
9|4
10|2
11|20
12|12
13|1
14|12
15|4
16|3
17|24
18|7
19|7
20|8
21|24
22|3
23|27
24|5
25|3
26|14
27|2
28|6
29|8
30|27
31|4
32|21
33|22
34|18
35|8
36|14
37|6
38|19
39|5
40|21
41|1
42|3
43|15
44|15
45|1
46|13
47|24
48|19
49|15
50|7
51|7
52|12
53|13
54|7
55|7
56|9
57|19
58|13
59|17
60|20
61|27
62|22
63|8
64|18
65|27
66|17
67|26
68|15
69|24
70|21
71|3
72|17
73|24
74|7
75|6
76|13
77|18
78|27
79|15
80|2
81|11
82|15
83|2
84|14
85|22
86|15
87|8
88|27
89|6
90|4
91|24
92|15
93|18
94|17
95|26
96|18
97|19
98|26
99|3
100|3
101|12
102|3
103|8
104|3
105|11
106|18
107|3
108|7
109|12
110|2
111|15
112|16
113|27
114|8
115|16
116|3
117|15
118|19
119|18
120|19
121|26
122|19
123|15
124|14
125|3
126|15
127|7
128|5
129|17
130|22
131|4
132|15
133|3
134|13
135|4
136|21
137|7
138|13
139|8
140|3
141|13
142|13
143|17
144|4
145|24
146|24
147|21
148|20
149|1
150|19
151|13
152|7
153|8
154|21
155|8
156|19
157|24
158|19
159|12
160|6
161|6
162|22
163|3
164|22
165|3
166|8
167|20
168|12
169|27
170|26
171|19
172|3
173|6
174|22
175|14
176|12
177|8
178|12
179|5
180|15
181|21
182|24
183|17
184|0
185|6
186|27
187|2
188|20
189|17
190|3
191|19
192|3
193|26
194|8
195|3
196|3
197|0
198|6
199|0
200|6
201|3
202|19
203|7
204|8
205|20
206|8
207|6
208|11
209|8
210|24
211|23
212|20
213|21
214|4
215|24
216|13
217|7
218|5
219|2
220|24
221|13
222|18
223|6
224|11
225|21
226|24
227|11
228|12
229|3
230|21
231|22
232|21
233|8
234|24
235|8
236|24
237|20
238|18
239|27
240|14
241|26
242|21
243|21
244|26
245|3
246|15
247|3
248|3
249|27
250|3
251|13
252|20
253|7
254|22
255|4
256|9
257|19
258|15
259|17
260|26
261|0
262|12
263|9
264|4
265|6
266|18
267|19
268|8
269|15
270|22
271|14
272|3
273|15
274|6
275|0
276|3
277|24
278|19
279|27
280|17
281|12
282|12
283|8
284|24
285|12
286|6
287|24
288|3
289|22
290|8
291|9
292|5
293|5
294|21
295|0
296|20
297|0
298|23
299|27
300|17
301|12
302|8
303|4
304|8
305|8
306|4
307|7
308|16
309|20
310|1
311|26
312|8
313|19
314|9
315|4
316|3
317|9
318|0
319|14
320|24
321|13
322|16
323|19
324|13
325|4
326|13
327|24
328|11
329|16
330|27
331|15
332|15
333|15
334|8
335|16
336|3
337|3
338|4
339|3
340|3
341|24
342|20
343|8
344|4
345|15
346|3
347|21
348|20
349|12
350|0
351|26
352|11
353|16
354|6
355|23
356|21
357|19
358|7
359|3
360|27
361|26
362|11
363|17
364|3
365|3
366|7
367|13
368|27
369|5
370|8
371|16
372|27
373|3
374|26
375|19
376|4
377|19
378|14
379|14
380|7
381|9
382|8
383|16
384|27
385|12
386|22
387|24
388|7
389|9
390|19
391|5
392|0
393|0
394|1
395|20
396|21
397|5
398|19
399|9
400|21
401|27
402|9
403|27
404|7
405|26
406|5
407|18
408|1
409|4
410|15
411|11
412|4
413|21
414|2
415|9
416|0
417|2
418|19
419|21
420|11
421|9
422|6
423|24
424|15
425|4
426|5
427|19
428|17
429|7
430|27
431|21
432|24
433|26
434|19
435|16
436|24
437|7
438|19
439|26
440|13
441|24
442|11
443|8
444|26
445|3
446|15
447|13
448|1
449|14
450|8
451|22
452|4
453|11
454|4
455|15
456|21
457|3
458|4
459|7
460|1
461|6
462|11
463|25
464|2
465|3
466|27
467|3
468|13
469|3
470|26
471|15
472|20
473|19
474|3
475|2
476|26
477|3
478|0
479|13
480|27
481|19
482|13
483|9
484|13
485|8
486|12
487|7
488|0
489|27
490|4
491|14
492|19
493|0
494|12
495|3
496|27
497|15
498|3
499|7
500|5
501|9
502|19
503|7
504|21
505|26
506|19
507|12
508|22
509|9
510|20
511|24
512|27
513|5
514|24
515|21
516|15
517|3
518|27
519|15
520|11
521|18
522|16
523|26
524|4
525|13
526|8
527|7
528|17
529|21
530|9
531|1
532|24
533|21
534|20
535|14
536|26
537|20
538|17
539|3
540|16
541|4
542|21
543|18
544|24
545|26
546|11
547|24
548|6
549|20
550|3
551|3
552|15
553|27
554|12
555|3
556|25
557|21
558|21
559|20
560|10
561|21
562|1
563|26
564|6
565|12
566|8
567|4
568|15
569|24
570|0
571|13
572|9
573|5
574|11
575|17
576|15
577|1
578|22
579|13
580|21
581|8
582|12
583|6
584|14
585|10
586|10
587|26
588|3
589|23
590|12
591|20
592|11
593|4
594|9
595|26
596|2
597|4
598|2
599|17
600|0
601|27
602|27
603|7
604|9
605|20
606|16
607|17
608|19
609|21
610|27
611|15
612|5
613|9
614|3
615|8
616|5
617|27
618|1
619|14
620|22
621|7
622|4
623|0
624|20
625|17
626|24
627|4
628|16
629|23
630|8
631|9
632|21
633|24
634|1
635|23
636|21
637|3
638|1
639|8
640|15
641|2
642|24
643|1
644|0
645|2
646|4
647|13
648|22
649|8
650|8
651|2
652|6
653|21
654|9
655|19
656|3
657|24
658|19
659|2
660|26
661|16
662|15
663|20
664|11
665|5
666|8
667|11
668|13
669|27
670|13
671|7
672|3
673|13
674|12
675|3
676|3
677|5
678|19
679|15
680|3
681|19
682|12
683|25
684|19
685|17
686|3
687|5
688|27
689|7
690|14
691|19
692|2
693|26
694|2
695|12
696|17
697|23
698|8
699|27
700|17
701|25
702|0
703|6
704|8
705|13
706|11
707|4
708|0
709|7
710|20
711|9
712|16
713|7
714|11
715|9
716|20
717|27
718|9
719|4
720|21
721|19
722|8
723|8
724|26
725|16
726|2
727|21
728|14
729|24
730|26
731|26
732|7
733|7
734|22
735|3
736|5
737|22
738|21
739|11
740|26
741|26
742|13
743|20
744|3
745|19
746|16
747|14
748|8
749|23
750|15
751|3
752|8
753|3
754|27
755|4
756|20
757|24
758|16
759|12
760|3
761|19
762|2
763|12
764|11
765|5
766|4
767|26
768|7
769|15
770|8
771|27
772|12
773|27
774|18
775|9
776|3
777|7
778|19
779|15
780|24
781|6
782|2
783|27
784|12
785|3
786|24
787|24
788|24
789|8
790|4
791|17
792|8
793|11
794|5
795|12
796|20
797|16
798|11
799|7
800|6
801|3
802|6
803|1
804|7
805|7
806|12
807|16
808|7
809|15
810|1
811|18
812|8
813|2
814|6
815|27
816|24
817|18
818|6
819|3
820|15
821|15
822|1
823|19
824|11
825|11
826|7
827|3
828|21
829|8
830|6
831|13
832|16
833|19
834|2
835|8
836|26
837|12
838|27
839|15
840|27
841|27
842|1
843|2
844|15
845|16
846|4
847|17
848|20
849|13
850|19
851|13
852|1
853|21
854|3
855|21
856|7
857|3
858|4
859|9
860|26
861|19
862|16
863|27
864|19
865|8
866|17
867|3
868|15
869|24
870|9
871|21
872|0
873|6
874|24
875|3
876|15
877|0
878|8
879|4
880|8
881|15
882|11
883|9
884|25
885|9
886|7
887|5
888|19
889|21
890|3
891|15
892|15
893|4
894|12
895|17
896|3
897|19
898|25
899|0
900|12
901|10
902|20
903|24
904|15
905|2
906|9
907|17
908|12
909|8
910|14
911|4
912|7
913|8
914|17
915|19
916|5
917|15
918|24
919|8
920|14
921|9
922|24
923|7
924|3
925|7
926|24
927|0
928|21
929|19
930|12
931|26
932|5
933|1
934|20
935|10
936|27
937|27
938|20
939|0
940|25
941|26
942|4
943|16
944|12
945|20
946|27
947|9
948|19
949|27
950|20
951|26
952|0
953|13
954|3
955|7
956|8
957|21
958|14
959|21
960|14
961|27
962|3
963|21
964|17
965|14
966|0
967|4
968|18
969|3
970|13
971|6
972|15
973|20
974|20
975|1
976|3
977|3
978|7
979|9
980|8
981|15
982|19
983|14
984|24
985|2
986|26
987|7
988|15
989|7
990|17
991|3
992|21
993|6
994|5
995|7
996|12
997|20
998|11
999|26
1000|5
1001|23
1002|15
1003|3
1004|20
1005|3
1006|3
1007|7
1008|3
1009|12
1010|4
1011|12
1012|15
1013|15
1014|19
1015|5
1016|20
1017|2
1018|12
1019|9
1020|17
1021|20
1022|21
1023|17
1024|21
1025|3
1026|15
1027|15
1028|26
1029|27
1030|0
1031|12
1032|5
1033|8
1034|24
1035|21
1036|2
1037|27
1038|21
1039|19
1040|21
1041|12
1042|19
1043|8
1044|4
1045|27
1046|9
1047|3
1048|12
1049|4
1050|7
1051|1
1052|4
1053|26
1054|5
1055|7
1056|11
1057|8
1058|1
1059|16
1060|19
1061|14
1062|4
1063|24
1064|4
1065|8
1066|20
1067|27
1068|7
1069|3
1070|10
1071|15
1072|4
1073|18
1074|14
1075|14
1076|21
1077|20
1078|12
1079|2
1080|10
1081|3
1082|3
1083|27
1084|15
1085|13
1086|4
1087|20
1088|12
1089|15
1090|18
1091|8
1092|15
1093|3
1094|1
1095|8
1096|6
1097|24
1098|11
1099|0
1100|2
1101|9
1102|7
1103|1
1104|27
1105|3
1106|15
1107|5
1108|27
1109|1
1110|23
1111|1
1112|16
1113|4
1114|20
1115|7
1116|12
1117|4
1118|0
1119|3
1120|26
1121|21
1122|23
1123|15
1124|7
1125|23
1126|6
1127|19
1128|21
1129|13
1130|20
1131|16
1132|4
1133|0
1134|6
1135|12
1136|7
1137|16
1138|26
1139|14
1140|18
1141|6
1142|22
1143|27
1144|0
1145|3
1146|20
1147|12
1148|19
1149|2
1150|8
1151|15
1152|22
1153|24
1154|11
1155|20
1156|3
1157|7
1158|12
1159|3
1160|7
1161|27
1162|8
1163|10
1164|24
1165|18
1166|18
1167|26
1168|8
1169|3
1170|6
1171|19
1172|6
1173|24
1174|12
1175|20
1176|27
1177|26
1178|8
1179|13
1180|3
1181|8
1182|5
1183|27
1184|12
1185|11
1186|8
1187|4
1188|15
1189|7
1190|24
1191|12
1192|15
1193|16
1194|24
1195|8
1196|19
1197|14
1198|19
1199|3
1200|27
1201|3
1202|3
1203|3
1204|8
1205|2
1206|13
1207|14
1208|24
1209|12
1210|20
1211|4
1212|18
1213|21
1214|4
1215|8
1216|8
1217|3
1218|11
1219|26
1220|19
1221|7
1222|23
1223|6
1224|22
1225|19
1226|20
1227|15
1228|17
1229|15
1230|12
1231|24
1232|8
1233|9
1234|26
1235|13
1236|20
1237|21
1238|7
1239|14
1240|8
1241|1
1242|3
1243|0
1244|3
1245|15
1246|3
1247|3
1248|24
1249|14
1250|7
1251|15
1252|20
1253|27
1254|6
1255|23
1256|13
1257|26
1258|23
1259|8
1260|26
1261|21
1262|24
1263|0
1264|13
1265|12
1266|20
1267|10
1268|23
1269|20
1270|8
1271|4
1272|13
1273|17
1274|6
1275|0
1276|9
1277|23
1278|1
1279|12
1280|21
1281|14
1282|15
1283|8
1284|10
1285|4
1286|17
1287|15
1288|6
1289|8
1290|19
1291|27
1292|4
1293|8
1294|20
1295|21
1296|12
1297|7
1298|2
1299|4
1300|3
1301|6
1302|11
1303|24
1304|11
1305|11
1306|26
1307|3
1308|13
1309|20
1310|3
1311|22
1312|17
1313|7
1314|2
1315|21
1316|5
1317|8
1318|15
1319|20
1320|16
1321|7
1322|8
1323|9
1324|9
1325|12
1326|17
1327|15
1328|7
1329|26
1330|4
1331|8
1332|14
1333|20
1334|12
1335|18
1336|18
1337|7
1338|6
1339|3
1340|16
1341|6
1342|16
1343|12
1344|14
1345|24
1346|14
1347|22
1348|27
1349|3
1350|1
1351|9
1352|1
1353|21
1354|3
1355|4
1356|23
1357|27
1358|3
1359|27
1360|9
1361|3
1362|15
1363|3
1364|1
1365|11
1366|11
1367|19
1368|21
1369|26
1370|3
1371|16
1372|14
1373|2
1374|7
1375|20
1376|27
1377|11
1378|15
1379|5
1380|27
1381|26
1382|4
1383|19
1384|5
1385|14
1386|8
1387|4
1388|3
1389|15
1390|8
1391|9
1392|13
1393|20
1394|27
1395|19
1396|7
1397|17
1398|14
1399|17
1400|9
1401|4
1402|13
1403|1
1404|3
1405|15
1406|20
1407|17
1408|22
1409|12
1410|14
1411|8
1412|18
1413|4
1414|3
1415|7
1416|15
1417|2
1418|1
1419|8
1420|4
1421|14
1422|25
1423|18
1424|4
1425|21
1426|3
1427|13
1428|8
1429|9
1430|15
1431|18
1432|14
1433|3
1434|11
1435|12
1436|27
1437|14
1438|8
1439|10
1440|13
1441|4
1442|17
1443|18
1444|3
1445|7
1446|4
1447|12
1448|3
1449|3
1450|11
1451|26
1452|3
1453|14
1454|5
1455|27
1456|4
1457|19
1458|7
1459|26
1460|15
1461|3
1462|9
1463|19
1464|26
1465|0
1466|9
1467|4
1468|1
1469|6
1470|19
1471|7
1472|24
1473|20
1474|12
1475|6
1476|3
1477|1
1478|16
1479|27
1480|11
1481|11
1482|3
1483|27
1484|27
1485|9
1486|8
1487|4
1488|25
1489|18
1490|5
1491|19
1492|21
1493|26
1494|22
1495|4
1496|16
1497|15
1498|4
1499|27
1500|16
1501|13
1502|4
1503|9
1504|12
1505|15
1506|12
1507|24
1508|8
1509|3
1510|9
1511|1
1512|9
1513|14
1514|12
1515|19
1516|3
1517|26
1518|25
1519|21
1520|27
1521|20
1522|15
1523|13
1524|20
1525|15
1526|12
1527|27
1528|16
1529|27
1530|4
1531|12
1532|8
1533|16
1534|16
1535|9
1536|21
1537|7
1538|13
1539|20
1540|4
1541|14
1542|23
1543|24
1544|11
1545|15
1546|3
1547|22
1548|19
1549|26
1550|15
1551|16
1552|13
1553|19
1554|7
1555|27
1556|13
1557|3
1558|13
1559|4
1560|3
1561|6
1562|0
1563|20
1564|23
1565|20
1566|20
1567|18
1568|24
1569|4
1570|3
1571|24
1572|7
1573|24
1574|3
1575|3
1576|20
1577|16
1578|15
1579|17
1580|2
1581|6
1582|11
1583|11
1584|15
1585|8
1586|12
1587|17
1588|8
1589|14
1590|1
1591|15
1592|8
1593|5
1594|8
1595|7
1596|4
1597|17
1598|13
1599|15
1600|0
1601|8
1602|20
1603|8
1604|24
1605|15
1606|19
1607|11
1608|11
1609|16
1610|21
1611|3
1612|2
1613|13
1614|16
1615|7
1616|22
1617|0
1618|19
1619|21
1620|6
1621|19
1622|26
1623|23
1624|19
1625|19
1626|11
1627|15
1628|27
1629|4
1630|15
1631|12
1632|26
1633|12
1634|27
1635|9
1636|14
1637|21
1638|4
1639|6
1640|7
1641|3
1642|11
1643|12
1644|15
1645|9
1646|24
1647|4
1648|4
1649|10
1650|26
1651|6
1652|26
1653|14
1654|6
1655|7
1656|19
1657|20
1658|13
1659|24
1660|12
1661|8
1662|3
1663|19
1664|0
1665|16
1666|18
1667|13
1668|15
1669|3
1670|10
1671|12
1672|4
1673|3
1674|11
1675|6
1676|6
1677|9
1678|24
1679|27
1680|8
1681|3
1682|14
1683|21
1684|4
1685|9
1686|27
1687|20
1688|22
1689|21
1690|2
1691|24
1692|3
1693|1
1694|17
1695|4
1696|14
1697|23
1698|24
1699|12
1700|15
1701|13
1702|24
1703|6
1704|16
1705|7
1706|26
1707|8
1708|13
1709|19
1710|5
1711|14
1712|21
1713|12
1714|12
1715|3
1716|21
1717|12
1718|13
1719|0
1720|13
1721|20
1722|12
1723|3
1724|17
1725|19
1726|13
1727|3
1728|8
1729|3
1730|20
1731|15
1732|9
1733|21
1734|4
1735|6
1736|19
1737|10
1738|8
1739|22
1740|20
1741|8
1742|22
1743|6
1744|24
1745|23
1746|3
1747|14
1748|12
1749|23
1750|26
1751|7
1752|10
1753|5
1754|9
1755|9
1756|27
1757|2
1758|8
1759|15
1760|3
1761|2
1762|21
1763|12
1764|7
1765|8
1766|27
1767|20
1768|19
1769|6
1770|9
1771|7
1772|19
1773|3
1774|3
1775|26
1776|15
1777|8
1778|9
1779|22
1780|17
1781|3
1782|18
1783|3
1784|8
1785|21
1786|7
1787|3
1788|3
1789|20
1790|15
1791|6
1792|1
1793|27
1794|13
1795|2
1796|19
1797|20
1798|4
1799|10
1800|3
1801|24
1802|9
1803|21
1804|8
1805|0
1806|27
1807|18
1808|8
1809|12
1810|11
1811|4
1812|15
1813|27
1814|4
1815|20
1816|8
1817|19
1818|19
1819|21
1820|3
1821|26
1822|21
1823|4
1824|6
1825|15
1826|27
1827|26
1828|26
1829|15
1830|26
1831|14
1832|13
1833|12
1834|16
1835|10
1836|13
1837|17
1838|8
1839|6
1840|25
1841|3
1842|4
1843|15
1844|7
1845|15
1846|2
1847|27
1848|3
1849|12
1850|3
1851|21
1852|14
1853|0
1854|4
1855|13
1856|2
1857|12
1858|19
1859|21
1860|21
1861|21
1862|20
1863|17
1864|6
1865|4
1866|15
1867|12
1868|17
1869|11
1870|20
1871|10
1872|12
1873|13
1874|21
1875|11
1876|14
1877|5
1878|9
1879|8
1880|22
1881|5
1882|12
1883|8
1884|3
1885|20
1886|17
1887|15
1888|14
1889|3
1890|7
1891|1
1892|15
1893|7
1894|8
1895|11
1896|19
1897|24
1898|13
1899|3
1900|9
1901|15
1902|2
1903|19
1904|13
1905|3
1906|19
1907|22
1908|2
1909|27
1910|24
1911|12
1912|19
1913|13
1914|15
1915|20
1916|14
1917|27
1918|1
1919|26
1920|17
1921|2
1922|4
1923|18
1924|20
1925|19
1926|15
1927|1
1928|13
1929|19
1930|10
1931|19
1932|15
1933|15
1934|7
1935|8
1936|3
1937|7
1938|2
1939|5
1940|3
1941|20
1942|8
1943|23
1944|17
1945|27
1946|18
1947|26
1948|21
1949|11
1950|3
1951|24
1952|6
1953|11
1954|4
1955|13
1956|0
1957|20
1958|8
1959|2
1960|10
1961|12
1962|14
1963|7
1964|1
1965|8
1966|12
1967|22
1968|17
1969|10
1970|8
1971|19
1972|17
1973|19
1974|26
1975|9
1976|3
1977|27
1978|18
1979|1
1980|10
1981|6
1982|4
1983|19
1984|17
1985|22
1986|13
1987|2
1988|26
1989|27
1990|8
1991|12
1992|15
1993|21
1994|3
1995|1
1996|14
1997|11
1998|1
1999|9
2000|7
2001|24
2002|4
2003|24
2004|3
2005|11
2006|22
2007|20
2008|3
2009|8
2010|18
2011|13
2012|8
2013|19
2014|15
2015|3
2016|27
2017|4
2018|4
2019|6
2020|16
2021|27
2022|5
2023|6
2024|21
2025|15
2026|24
2027|20
2028|3
2029|8
2030|15
2031|27
2032|17
2033|0
2034|2
2035|20
2036|24
2037|15
2038|7
2039|12
2040|16
2041|10
2042|9
2043|3
2044|27
2045|24
2046|4
2047|12
2048|14
2049|14
2050|27
2051|7
2052|1
2053|1
2054|3
2055|4
2056|22
2057|4
2058|14
2059|11
2060|5
2061|26
2062|19
2063|27
2064|26
2065|7
2066|4
2067|2
2068|2
2069|3
2070|8
2071|20
2072|12
2073|20
2074|20
2075|20
2076|13
2077|13
2078|27
2079|2
2080|14
2081|3
2082|6
2083|21
2084|4
2085|0
2086|14
2087|14
2088|8
2089|4
2090|5
2091|15
2092|19
2093|9
2094|15
2095|8
2096|3
2097|9
2098|5
2099|22
2100|4
2101|9
2102|27
2103|17
2104|21
2105|3
2106|13
2107|3
2108|20
2109|6
2110|13
2111|26
2112|0
2113|20
2114|11
2115|18
2116|20
2117|7
2118|9
2119|15
2120|6
2121|21
2122|18
2123|22
2124|24
2125|4
2126|17
2127|9
2128|26
2129|9
2130|7
2131|12
2132|4
2133|1
2134|23
2135|23
2136|7
2137|12
2138|26
2139|15
2140|24
2141|26
2142|18
2143|10
2144|11
2145|14
2146|8
2147|23
2148|22
2149|21
2150|1
2151|20
2152|14
2153|26
2154|1
2155|8
2156|22
2157|0
2158|2
2159|3
2160|16
2161|4
2162|16
2163|11
2164|14
2165|11
2166|7
2167|1
2168|3
2169|8
2170|15
2171|19
2172|13
2173|27
2174|4
2175|14
2176|8
2177|23
2178|1
2179|3
2180|15
2181|16
2182|12
2183|20
2184|22
2185|3
2186|20
2187|0
2188|16
2189|4
2190|20
2191|15
2192|6
2193|19
2194|3
2195|3
2196|21
2197|18
2198|5
2199|21
2200|15
2201|17
2202|7
2203|24
2204|18
2205|17
2206|19
2207|19
2208|14
2209|3
2210|26
2211|14
2212|5
2213|13
2214|2
2215|3
2216|22
2217|7
2218|20
2219|8
2220|10
2221|12
2222|24
2223|14
2224|9
2225|15
2226|3
2227|18
2228|1
2229|1
2230|17
2231|14
2232|3
2233|20
2234|13
2235|12
2236|19
2237|3
2238|16
2239|23
2240|7
2241|3
2242|26
2243|26
2244|5
2245|3
2246|6
2247|12
2248|20
2249|17
2250|2
2251|24
2252|22
2253|22
2254|7
2255|20
2256|4
2257|24
2258|26
2259|12
2260|21
2261|19
2262|15
2263|9
2264|4
2265|12
2266|10
2267|12
2268|24
2269|18
2270|3
2271|11
2272|5
2273|26
2274|21
2275|6
2276|24
2277|3
2278|26
2279|21
2280|13
2281|21
2282|4
2283|4
2284|15
2285|5
2286|13
2287|7
2288|12
2289|8
2290|15
2291|8
2292|7
2293|0
2294|16
2295|20
2296|0
2297|18
2298|20
2299|4
2300|22
2301|13
2302|3
2303|4
2304|15
2305|11
2306|16
2307|22
2308|2
2309|24
2310|7
2311|5
2312|9
2313|3
2314|9
2315|15
2316|15
2317|4
2318|3
2319|3
2320|20
2321|26
2322|12
2323|23
2324|26
2325|12
2326|27
2327|11
2328|13
2329|7
2330|15
2331|8
2332|3
2333|14
2334|3
2335|20
2336|6
2337|6
2338|12
2339|15
2340|24
2341|8
2342|17
2343|23
2344|13
2345|1
2346|0
2347|6
2348|4
2349|3
2350|24
2351|20
2352|14
2353|4
2354|9
2355|6
2356|21
2357|4
2358|17
2359|5
2360|21
2361|4
2362|21
2363|9
2364|9
2365|4
2366|22
2367|21
2368|27
2369|8
2370|26
2371|27
2372|4
2373|3
2374|8
2375|7
2376|1
2377|15
2378|18
2379|17
2380|5
2381|20
2382|5
2383|6
2384|19
2385|21
2386|12
2387|7
2388|2
2389|21
2390|4
2391|12
2392|26
2393|21
2394|2
2395|16
2396|3
2397|15
2398|20
2399|20
2400|7
2401|11
2402|24
2403|3
2404|7
2405|13
2406|7
2407|11
2408|21
2409|3
2410|8
2411|9
2412|1
2413|9
2414|20
2415|11
2416|10
2417|26
2418|20
2419|5
2420|13
2421|4
2422|19
2423|26
2424|24
2425|11
2426|10
2427|2
2428|26
2429|7
2430|20
2431|14
2432|8
2433|15
2434|12
2435|7
2436|17
2437|21
2438|13
2439|14
2440|15
2441|1
2442|3
2443|8
2444|20
2445|16
2446|14
2447|24
2448|6
2449|0
2450|23
2451|0
2452|27
2453|6
2454|17
2455|3
2456|24
2457|12
2458|0
2459|5
2460|20
2461|3
2462|11
2463|17
2464|21
2465|4
2466|4
2467|7
2468|26
2469|3
2470|13
2471|27
2472|1
2473|15
2474|9
2475|12
2476|9
2477|1
2478|19
2479|27
2480|4
2481|14
2482|19
2483|8
2484|18
2485|3
2486|12
2487|2
2488|12
2489|9
2490|0
2491|15
2492|3
2493|4
2494|3
2495|7
2496|26
2497|20
2498|14
2499|13
2500|17
2501|23
2502|8
2503|6
2504|9
2505|0
2506|6
2507|4
2508|26
2509|12
2510|20
2511|20
2512|5
2513|6
2514|19
2515|7
2516|7
2517|26
2518|16
2519|21
2520|12
2521|13
2522|4
2523|9
2524|12
2525|15
2526|6
2527|2
2528|22
2529|3
2530|24
2531|8
2532|13
2533|6
2534|8
2535|26
2536|8
2537|4
2538|10
2539|6
2540|7
2541|3
2542|6
2543|10
2544|13
2545|7
2546|4
2547|15
2548|7
2549|17
2550|3
2551|14
2552|17
2553|3
2554|4
2555|26
2556|8
2557|17
2558|8
2559|24
2560|27
2561|12
2562|26
2563|20
2564|20
2565|13
2566|8
2567|9
2568|3
2569|7
2570|0
2571|3
2572|17
2573|3
2574|22
2575|6
2576|3
2577|19
2578|5
2579|4
2580|15
2581|1
2582|9
2583|19
2584|14
2585|21
2586|1
2587|24
2588|21
2589|12
2590|0
2591|21
2592|17
2593|8
2594|20
2595|13
2596|3
2597|7
2598|15
2599|7
2600|0
2601|19
2602|9
2603|2
2604|12
2605|5
2606|17
2607|26
2608|9
2609|17
2610|1
2611|0
2612|15
2613|0
2614|21
2615|20
2616|3
2617|26
2618|12
2619|21
2620|27
2621|24
2622|20
2623|5
2624|19
2625|5
2626|20
2627|7
2628|26
2629|22
2630|15
2631|10
2632|7
2633|13
2634|6
2635|21
2636|0
2637|23
2638|4
2639|3
2640|11
2641|13
2642|11
2643|14
2644|3
2645|27
2646|9
2647|7
2648|20
2649|6
2650|12
2651|11
2652|9
2653|20
2654|7
2655|20
2656|20
2657|4
2658|19
2659|26
2660|9
2661|3
2662|3
2663|12
2664|7
2665|4
2666|13
2667|16
2668|8
2669|7
2670|13
2671|17
2672|14
2673|4
2674|20
2675|24
2676|1
2677|1
2678|3
2679|15
2680|15
2681|19
2682|7
2683|7
2684|8
2685|3
2686|9
2687|24
2688|24
2689|26
2690|11
2691|16
2692|0
2693|3
2694|20
2695|3
2696|1
2697|17
2698|12
2699|20
2700|26
2701|13
2702|5
2703|7
2704|8
2705|14
2706|11
2707|5
2708|24
2709|8
2710|1
2711|16
2712|19
2713|24
2714|23
2715|10
2716|11
2717|22
2718|0
2719|8
2720|3
2721|8
2722|26
2723|13
2724|11
2725|3
2726|17
2727|19
2728|27
2729|26
2730|16
2731|12
2732|11
2733|2
2734|8
2735|6
2736|20
2737|8
2738|3
2739|27
2740|0
2741|26
2742|18
2743|26
2744|13
2745|23
2746|19
2747|13
2748|22
2749|8
2750|7
2751|12
2752|6
2753|3
2754|20
2755|12
2756|3
2757|10
2758|9
2759|24
2760|15
2761|8
2762|3
2763|7
2764|17
2765|13
2766|14
2767|16
2768|2
2769|27
2770|6
2771|7
2772|19
2773|21
2774|14
2775|6
2776|26
2777|15
2778|19
2779|4
2780|13
2781|0
2782|3
2783|1
2784|19
2785|27
2786|19
2787|11
2788|12
2789|2
2790|26
2791|26
2792|17
2793|0
2794|22
2795|25
2796|10
2797|25
2798|16
2799|3
2800|14
2801|8
2802|26
2803|15
2804|17
2805|20
2806|17
2807|20
2808|5
2809|24
2810|15
2811|3
2812|18
2813|1
2814|11
2815|13
2816|19
2817|20
2818|14
2819|6
2820|16
2821|13
2822|23
2823|9
2824|15
2825|7
2826|9
2827|1
2828|13
2829|17
2830|4
2831|19
2832|15
2833|3
2834|9
2835|21
2836|23
2837|13
2838|26
2839|12
2840|27
2841|4
2842|11
2843|14
2844|15
2845|7
2846|17
2847|7
2848|5
2849|22
2850|19
2851|16
2852|14
2853|6
2854|2
2855|12
2856|1
2857|8
2858|15
2859|19
2860|26
2861|25
2862|20
2863|15
2864|11
2865|8
2866|18
2867|20
2868|15
2869|8
2870|12
2871|19
2872|17
2873|8
2874|9
2875|11
2876|20
2877|20
2878|2
2879|8
2880|1
2881|16
2882|26
2883|14
2884|9
2885|19
2886|19
2887|7
2888|1
2889|8
2890|15
2891|17
2892|10
2893|9
2894|9
2895|22
2896|3
2897|15
2898|11
2899|17
2900|22
2901|14
2902|5
2903|15
2904|24
2905|7
2906|20
2907|18
2908|10
2909|26
2910|11
2911|20
2912|0
2913|7
2914|18
2915|6
2916|4
2917|9
2918|3
2919|27
2920|7
2921|12
2922|24
2923|11
2924|19
2925|19
2926|3
2927|24
2928|14
2929|12
2930|12
2931|15
2932|14
2933|7
2934|17
2935|20
2936|23
2937|27
2938|22
2939|12
2940|7
2941|27
2942|8
2943|9
2944|16
2945|9
2946|12
2947|12
2948|1
2949|19
2950|7
2951|19
2952|2
2953|3
2954|18
2955|3
2956|5
2957|6
2958|13
2959|0
2960|13
2961|1
2962|11
2963|21
2964|7
2965|17
2966|5
2967|21
2968|4
2969|10
2970|20
2971|2
2972|15
2973|17
2974|9
2975|20
2976|11
2977|21
2978|16
2979|12
2980|20
2981|15
2982|7
2983|26
2984|11
2985|2
2986|17
2987|7
2988|4
2989|3
2990|12
2991|15
2992|17
2993|15
2994|15
2995|9
2996|11
2997|21
2998|8
2999|1
3000|7
3001|7
3002|11
3003|14
3004|21
3005|17
3006|6
3007|20
3008|13
3009|16
3010|6
3011|20
3012|21
3013|15
3014|19
3015|5
3016|12
3017|12
3018|12
3019|8
3020|19
3021|5
3022|9
3023|2
3024|14
3025|12
3026|6
3027|15
3028|10
3029|23
3030|0
3031|8
3032|9
3033|12
3034|2
3035|15
3036|5
3037|27
3038|21
3039|24
3040|8
3041|3
3042|8
3043|3
3044|22
3045|27
3046|3
3047|13
3048|18
3049|26
3050|11
3051|4
3052|15
3053|8
3054|20
3055|3
3056|3
3057|16
3058|27
3059|6
3060|24
3061|11
3062|13
3063|22
3064|2
3065|26
3066|7
3067|9
3068|15
3069|13
3070|7
3071|21
3072|15
3073|6
3074|8
3075|11
3076|11
3077|16
3078|8
3079|19
3080|24
3081|25
3082|7
3083|23
3084|7
3085|1
3086|21
3087|14
3088|3
3089|0
3090|18
3091|19
3092|1
3093|27
3094|5
3095|27
3096|16
3097|4
3098|22
3099|9
3100|0
3101|11
3102|15
3103|8
3104|20
3105|11
3106|19
3107|26
3108|14
3109|12
3110|8
3111|8
3112|9
3113|19
3114|5
3115|7
3116|22
3117|3
3118|8
3119|23
3120|7
3121|4
3122|7
3123|17
3124|11
3125|19
3126|7
3127|9
3128|3
3129|13
3130|23
3131|0
3132|21
3133|27
3134|8
3135|16
3136|16
3137|5
3138|26
3139|11
3140|17
3141|0
3142|4
3143|2
3144|25
3145|20
3146|7
3147|19
3148|1
3149|3
3150|18
3151|13
3152|14
3153|15
3154|8
3155|16
3156|19
3157|12
3158|2
3159|20
3160|3
3161|14
3162|8
3163|7
3164|16
3165|12
3166|12
3167|24
3168|13
3169|3
3170|3
3171|13
3172|7
3173|3
3174|1
3175|7
3176|20
3177|21
3178|19
3179|22
3180|0
3181|26
3182|3
3183|19
3184|23
3185|9
3186|20
3187|13
3188|14
3189|13
3190|21
3191|8
3192|22
3193|14
3194|26
3195|3
3196|8
3197|18
3198|20
3199|14
3200|3
3201|21
3202|21
3203|3
3204|16
3205|7
3206|6
3207|4
3208|7
3209|17
3210|7
3211|21
3212|6
3213|20
3214|27
3215|17
3216|21
3217|2
3218|20
3219|15
3220|16
3221|20
3222|13
3223|23
3224|2
3225|3
3226|9
3227|27
3228|24
3229|26
3230|15
3231|18
3232|3
3233|24
3234|26
3235|9
3236|23
3237|0
3238|11
3239|20
3240|8
3241|4
3242|25
3243|22
3244|12
3245|7
3246|4
3247|1
3248|12
3249|23
3250|6
3251|9
3252|20
3253|5
3254|7
3255|13
3256|15
3257|21
3258|18
3259|19
3260|8
3261|8
3262|2
3263|23
3264|17
3265|3
3266|21
3267|13
3268|2
3269|12
3270|19
3271|9
3272|21
3273|26
3274|14
3275|16
3276|7
3277|22
3278|12
3279|12
3280|16
3281|0
3282|8
3283|22
3284|7
3285|3
3286|20
3287|2
3288|27
3289|11
3290|8
3291|3
3292|26
3293|3
3294|27
3295|9
3296|2
3297|26
3298|11
3299|12
3300|8
3301|5
3302|5
3303|15
3304|3
3305|2
3306|8
3307|8
3308|26
3309|20
3310|7
3311|9
3312|17
3313|21
3314|13
3315|13
3316|0
3317|20
3318|11
3319|5
3320|7
3321|3
3322|16
3323|11
3324|20
3325|19
3326|9
3327|13
3328|3
3329|22
3330|17
3331|7
3332|26
3333|6
3334|11
3335|16
3336|20
3337|12
3338|27
3339|7
3340|20
3341|9
3342|0
3343|20
3344|26
3345|21
3346|1
3347|20
3348|27
3349|8
3350|18
3351|19
3352|2
3353|3
3354|7
3355|3
3356|7
3357|4
3358|3
3359|27
3360|3
3361|26
3362|6
3363|12
3364|4
3365|26
3366|7
3367|1
3368|6
3369|19
3370|13
3371|24
3372|25
3373|4
3374|20
3375|3
3376|9
3377|8
3378|12
3379|3
3380|7
3381|20
3382|4
3383|11
3384|3
3385|16
3386|12
3387|10
3388|17
3389|12
3390|3
3391|11
3392|13
3393|12
3394|8
3395|0
3396|26
3397|20
3398|8
3399|2
3400|17
3401|12
3402|3
3403|15
3404|9
3405|14
3406|20
3407|7
3408|9
3409|27
3410|13
3411|12
3412|20
3413|4
3414|26
3415|9
3416|18
3417|22
3418|8
3419|7
3420|2
3421|3
3422|8
3423|1
3424|6
3425|7
3426|13
3427|19
3428|12
3429|3
3430|6
3431|20
3432|24
3433|11
3434|23
3435|18
3436|18
3437|8
3438|2
3439|16
3440|26
3441|21
3442|1
3443|2
3444|11
3445|15
3446|18
3447|8
3448|20
3449|10
3450|20
3451|11
3452|21
3453|21
3454|16
3455|3
3456|19
3457|12
3458|11
3459|3
3460|8
3461|16
3462|18
3463|27
3464|8
3465|19
3466|8
3467|5
3468|4
3469|7
3470|13
3471|8
3472|3
3473|14
3474|14
3475|19
3476|19
3477|10
3478|11
3479|15
3480|8
3481|14
3482|4
3483|17
3484|23
3485|13
3486|19
3487|16
3488|26
3489|7
3490|18
3491|3
3492|22
3493|12
3494|19
3495|8
3496|21
3497|8
3498|3
3499|0
3500|15
3501|17
3502|5
3503|7
3504|5
3505|18
3506|11
3507|20
3508|17
3509|4
3510|8
3511|26
3512|6
3513|24
3514|6
3515|8
3516|3
3517|20
3518|19
3519|26
3520|8
3521|26
3522|7
3523|19
3524|11
3525|14
3526|13
3527|16
3528|27
3529|6
3530|20
3531|2
3532|21
3533|24
3534|8
3535|17
3536|24
3537|3
3538|23
3539|1
3540|1
3541|21
3542|21
3543|22
3544|21
3545|7
3546|1
3547|5
3548|14
3549|0
3550|20
3551|24
3552|13
3553|15
3554|3
3555|15
3556|14
3557|26
3558|13
3559|23
3560|3
3561|6
3562|7
3563|14
3564|21
3565|11
3566|18
3567|15
3568|2
3569|19
3570|8
3571|3
3572|7
3573|24
3574|21
3575|14
3576|20
3577|7
3578|3
3579|1
3580|14
3581|23
3582|13
3583|3
3584|3
3585|7
3586|19
3587|6
3588|3
3589|19
3590|14
3591|8
3592|19
3593|14
3594|20
3595|15
3596|2
3597|17
3598|7
3599|9
3600|7
3601|19
3602|4
3603|24
3604|10
3605|10
3606|21
3607|19
3608|8
3609|26
3610|10
3611|12
3612|21
3613|5
3614|3
3615|11
3616|13
3617|8
3618|4
3619|27
3620|18
3621|1
3622|26
3623|6
3624|3
3625|2
3626|23
3627|20
3628|16
3629|19
3630|3
3631|6
3632|13
3633|3
3634|24
3635|0
3636|8
3637|11
3638|22
3639|13
3640|7
3641|21
3642|24
3643|19
3644|5
3645|10
3646|21
3647|16
3648|11
3649|1
3650|1
3651|0
3652|12
3653|21
3654|3
3655|20
3656|3
3657|0
3658|20
3659|5
3660|20
3661|26
3662|26
3663|7
3664|26
3665|3
3666|5
3667|11
3668|18
3669|8
3670|15
3671|12
3672|2
3673|17
3674|7
3675|20
3676|0
3677|15
3678|3
3679|16
3680|20
3681|12
3682|24
3683|26
3684|5
3685|9
3686|19
3687|23
3688|12
3689|3
3690|7
3691|15
3692|3
3693|18
3694|24
3695|21
3696|17
3697|20
3698|26
3699|12
3700|12
3701|26
3702|24
3703|11
3704|0
3705|11
3706|9
3707|26
3708|1
3709|13
3710|22
3711|20
3712|19
3713|3
3714|1
3715|27
3716|11
3717|7
3718|27
3719|13
3720|27
3721|8
3722|15
3723|8
3724|11
3725|26
3726|18
3727|15
3728|3
3729|5
3730|4
3731|16
3732|19
3733|14
3734|21
3735|17
3736|6
3737|6
3738|17
3739|6
3740|12
3741|4
3742|20
3743|24
3744|20
3745|24
3746|11
3747|17
3748|11
3749|19
3750|19
3751|5
3752|21
3753|14
3754|3
3755|18
3756|18
3757|17
3758|6
3759|7
3760|26
3761|12
3762|21
3763|20
3764|16
3765|15
3766|13
3767|2
3768|11
3769|16
3770|2
3771|27
3772|11
3773|13
3774|16
3775|3
3776|9
3777|6
3778|2
3779|9
3780|3
3781|5
3782|7
3783|14
3784|1
3785|20
3786|1
3787|4
3788|18
3789|19
3790|3
3791|15
3792|21
3793|12
3794|3
3795|17
3796|20
3797|21
3798|2
3799|26
3800|4
3801|2
3802|17
3803|21
3804|12
3805|23
3806|7
3807|1
3808|8
3809|0
3810|20
3811|26
3812|19
3813|3
3814|3
3815|2
3816|3
3817|3
3818|14
3819|1
3820|21
3821|13
3822|3
3823|3
3824|16
3825|21
3826|21
3827|20
3828|14
3829|21
3830|6
3831|11
3832|14
3833|26
3834|26
3835|3
3836|17
3837|8
3838|25
3839|9
3840|3
3841|21
3842|3
3843|2
3844|9
3845|7
3846|0
3847|14
3848|19
3849|19
3850|17
3851|13
3852|21
3853|13
3854|7
3855|14
3856|18
3857|12
3858|14
3859|20
3860|15
3861|12
3862|24
3863|9
3864|13
3865|12
3866|23
3867|27
3868|2
3869|13
3870|27
3871|24
3872|6
3873|15
3874|8
3875|8
3876|7
3877|10
3878|20
3879|13
3880|13
3881|0
3882|20
3883|18
3884|0
3885|7
3886|9
3887|22
3888|22
3889|13
3890|24
3891|4
3892|3
3893|12
3894|3
3895|24
3896|16
3897|6
3898|24
3899|5
3900|8
3901|3
3902|25
3903|18
3904|11
3905|12
3906|20
3907|13
3908|1
3909|1
3910|14
3911|12
3912|7
3913|3
3914|19
3915|12
3916|12
3917|21
3918|6
3919|4
3920|18
3921|21
3922|11
3923|7
3924|3
3925|2
3926|22
3927|13
3928|26
3929|9
3930|26
3931|7
3932|19
3933|20
3934|9
3935|6
3936|4
3937|3
3938|0
3939|3
3940|6
3941|20
3942|9
3943|18
3944|4
3945|9
3946|9
3947|20
3948|19
3949|25
3950|12
3951|15
3952|11
3953|9
3954|26
3955|4
3956|20
3957|18
3958|11
3959|23
3960|19
3961|6
3962|12
3963|23
3964|15
3965|17
3966|21
3967|4
3968|13
3969|11
3970|26
3971|12
3972|19
3973|6
3974|23
3975|3
3976|12
3977|8
3978|16
3979|1
3980|11
3981|7
3982|20
3983|3
3984|12
3985|17
3986|3
3987|11
3988|2
3989|22
3990|14
3991|13
3992|3
3993|15
3994|19
3995|11
3996|13
3997|7
3998|21
3999|26
4000|11
4001|19
4002|17
4003|19
4004|8
4005|3
4006|11
4007|1
4008|23
4009|20
4010|15
4011|14
4012|9
4013|12
4014|9
4015|21
4016|22
4017|19
4018|8
4019|13
4020|21
4021|7
4022|18
4023|3
4024|11
4025|26
4026|19
4027|20
4028|19
4029|23
4030|11
4031|9
4032|15
4033|15
4034|3
4035|20
4036|0
4037|27
4038|3
4039|21
4040|9
4041|20
4042|8
4043|1
4044|1
4045|18
4046|11
4047|3
4048|24
4049|8
4050|13
4051|12
4052|9
4053|18
4054|2
4055|15
4056|5
4057|15
4058|6
4059|3
4060|21
4061|7
4062|15
4063|11
4064|3
4065|11
4066|20
4067|8
4068|3
4069|19
4070|7
4071|9
4072|18
4073|3
4074|22
4075|21
4076|12
4077|9
4078|8
4079|25
4080|9
4081|5
4082|6
4083|12
4084|4
4085|9
4086|17
4087|13
4088|16
4089|0
4090|2
4091|12
4092|6
4093|3
4094|6
4095|26
4096|15
4097|18
4098|24
4099|0
4100|2
4101|18
4102|27
4103|1
4104|6
4105|14
4106|19
4107|11
4108|0
4109|13
4110|14
4111|12
4112|3
4113|5
4114|8
4115|12
4116|24
4117|14
4118|20
4119|4
4120|19
4121|6
4122|15
4123|26
4124|0
4125|8
4126|19
4127|11
4128|27
4129|13
4130|13
4131|20
4132|3
4133|18
4134|11
4135|10
4136|1
4137|14
4138|26
4139|13
4140|13
4141|24
4142|4
4143|8
4144|1
4145|17
4146|23
4147|16
4148|9
4149|16
4150|20
4151|1
4152|3
4153|8
4154|11
4155|21
4156|2
4157|26
4158|20
4159|9
4160|2
4161|16
4162|12
4163|24
4164|1
4165|0
4166|15
4167|4
4168|9
4169|9
4170|2
4171|1
4172|22
4173|16
4174|12
4175|26
4176|18
4177|3
4178|16
4179|13
4180|4
4181|8
4182|11
4183|14
4184|8
4185|10
4186|27
4187|12
4188|14
4189|13
4190|8
4191|12
4192|9
4193|20
4194|13
4195|26
4196|2
4197|15
4198|3
4199|9
4200|13
4201|19
4202|23
4203|22
4204|20
4205|19
4206|6
4207|15
4208|6
4209|3
4210|26
4211|26
4212|14
4213|14
4214|15
4215|24
4216|16
4217|26
4218|1
4219|20
4220|23
4221|13
4222|2
4223|9
4224|14
4225|22
4226|11
4227|8
4228|26
4229|16
4230|14
4231|9
4232|0
4233|11
4234|21
4235|24
4236|3
4237|9
4238|9
4239|19
4240|24
4241|5
4242|20
4243|12
4244|0
4245|1
4246|5
4247|27
4248|3
4249|17
4250|24
4251|22
4252|7
4253|12
4254|9
4255|8
4256|26
4257|20
4258|5
4259|26
4260|1
4261|27
4262|15
4263|17
4264|20
4265|9
4266|12
4267|6
4268|4
4269|13
4270|3
4271|12
4272|1
4273|7
4274|20
4275|9
4276|3
4277|20
4278|3
4279|15
4280|4
4281|12
4282|24
4283|11
4284|26
4285|9
4286|14
4287|3
4288|14
4289|19
4290|4
4291|8
4292|13
4293|11
4294|17
4295|19
4296|24
4297|0
4298|19
4299|1
4300|2
4301|20
4302|26
4303|7
4304|11
4305|5
4306|0
4307|16
4308|13
4309|2
4310|13
4311|7
4312|12
4313|22
4314|11
4315|20
4316|16
4317|26
4318|13
4319|27
4320|16
4321|20
4322|5
4323|3
4324|19
4325|5
4326|8
4327|3
4328|3
4329|11
4330|8
4331|20
4332|24
4333|3
4334|14
4335|23
4336|2
4337|12
4338|15
4339|2
4340|9
4341|1
4342|0
4343|26
4344|9
4345|20
4346|18
4347|24
4348|22
4349|16
4350|8
4351|13
4352|23
4353|11
4354|26
4355|17
4356|5
4357|12
4358|7
4359|21
4360|20
4361|3
4362|16
4363|26
4364|9
4365|13
4366|22
4367|2
4368|23
4369|19
4370|20
4371|5
4372|24
4373|0
4374|20
4375|14
4376|11
4377|2
4378|16
4379|3
4380|20
4381|9
4382|26
4383|0
4384|19
4385|3
4386|20
4387|20
4388|5
4389|24
4390|15
4391|1
4392|20
4393|6
4394|5
4395|1
4396|16
4397|20
4398|3
4399|20
4400|4
4401|5
4402|1
4403|23
4404|24
4405|23
4406|13
4407|9
4408|15
4409|26
4410|20
4411|5
4412|24
4413|8
4414|18
4415|19
4416|15
4417|11
4418|20
4419|1
4420|19
4421|13
4422|3
4423|18
4424|16
4425|26
4426|15
4427|11
4428|5
4429|4
4430|16
4431|24
4432|21
4433|12
4434|3
4435|20
4436|27
4437|12
4438|20
4439|13
4440|12
4441|23
4442|5
4443|1
4444|1
4445|11
4446|19
4447|11
4448|16
4449|11
4450|2
4451|20
4452|16
4453|24
4454|9
4455|3
4456|26
4457|11
4458|26
4459|13
4460|16
4461|7
4462|17
4463|5
4464|4
4465|16
4466|16
4467|9
4468|13
4469|26
4470|2
4471|3
4472|18
4473|7
4474|13
4475|16
4476|24
4477|23
4478|7
4479|15
4480|16
4481|21
4482|24
4483|20
4484|8
4485|20
4486|20
4487|19
4488|13
4489|5
4490|8
4491|3
4492|20
4493|17
4494|27
4495|15
4496|16
4497|11
4498|3
4499|18
4500|5
4501|7
4502|15
4503|1
4504|14
4505|21
4506|22
4507|6
4508|22
4509|18
4510|3
4511|16
4512|6
4513|21
4514|22
4515|5
4516|14
4517|20
4518|9
4519|9
4520|3
4521|17
4522|26
4523|20
4524|3
4525|18
4526|12
4527|9
4528|23
4529|1
4530|8
4531|14
4532|20
4533|26
4534|2
4535|9
4536|2
4537|27
4538|11
4539|17
4540|26
4541|20
4542|26
4543|22
4544|16
4545|18
4546|20
4547|27
4548|8
4549|19
4550|12
4551|16
4552|21
4553|22
4554|20
4555|20
4556|1
4557|26
4558|3
4559|6
4560|22
4561|0
4562|12
4563|27
4564|27
4565|20
4566|15
4567|20
4568|20
4569|27
4570|3
4571|3
4572|15
4573|5
4574|22
4575|22
4576|8
4577|23
4578|26
4579|16
4580|10
4581|20
4582|0
4583|5
4584|16
4585|15
4586|0
4587|3
4588|20
4589|26
4590|9
4591|5
4592|1
4593|16
4594|4
4595|16
4596|16
4597|10
4598|3
4599|20
4600|22
4601|20
4602|2
4603|9
4604|4
4605|19
4606|20
4607|22
4608|3
4609|2
4610|14
4611|20
4612|17
4613|5
4614|17
4615|20
4616|8
4617|19
4618|3
4619|3
4620|3
4621|7
4622|20
4623|6
4624|5
4625|7
4626|22
4627|1
4628|26
4629|5
4630|19
4631|22
4632|3
4633|2
4634|3
4635|9
4636|3
4637|20
4638|14
4639|26
4640|22
4641|11
4642|17
4643|16
4644|1
4645|20
4646|8
4647|0
4648|13
4649|20
4650|4
4651|19
4652|6
4653|8
4654|22
4655|1
4656|19
4657|24
4658|20
4659|26
4660|1
4661|6
4662|21
4663|4
4664|9
4665|16
4666|12
4667|1
4668|18
4669|3
4670|10
4671|11
4672|9
4673|8
4674|24
4675|3
4676|26
4677|20
4678|18
4679|18
4680|12
4681|23
4682|22
4683|3
4684|15
4685|3
4686|5
4687|26
4688|12
4689|22
4690|19
4691|16
4692|17
4693|4
4694|27
4695|18
4696|22
4697|27
4698|7
4699|11
4700|4
4701|0
4702|3
4703|8
4704|22
4705|18
4706|3
4707|20
4708|5
4709|26
4710|18
4711|3
4712|3
4713|3
4714|11
4715|20
4716|26
4717|18
4718|8
4719|3
4720|5
4721|22
4722|20
4723|3
4724|24
4725|26
4726|20
4727|23
4728|5
4729|10
4730|21
4731|20
4732|26
4733|12
4734|9
4735|21
4736|20
4737|20
4738|26
4739|27
4740|27
4741|9
4742|4
4743|20
4744|23
4745|11
4746|14
4747|26
4748|3
4749|24
4750|13
4751|12
4752|22
4753|0
4754|4
4755|22
4756|20
4757|3
4758|16
4759|3
4760|26
4761|5
4762|20
4763|23
4764|22
4765|12
4766|22
4767|4
4768|5
4769|21
4770|14
4771|7
4772|26
4773|15
4774|9
4775|18
4776|22
4777|18
4778|20
4779|7
4780|8
4781|21
4782|26
4783|5
4784|7
4785|25
4786|3
4787|20
4788|24
4789|16
4790|22
4791|3
4792|18
4793|19
4794|4
4795|1
4796|20
4797|4
4798|12
4799|22
4800|20
4801|24
4802|10
4803|12
4804|19
4805|13
4806|26
4807|1
4808|12
4809|13
4810|20
4811|17
4812|20
4813|16
4814|7
4815|3
4816|26
4817|8
4818|8
4819|2
4820|12
4821|4
4822|12
4823|27
4824|20
4825|20
4826|5
4827|18
4828|26
4829|26
4830|3
4831|0
4832|19
4833|15
4834|14
4835|20
4836|17
4837|2
4838|1
4839|12
4840|9
4841|26
4842|20
4843|27
4844|20
4845|2
4846|8
4847|13
4848|26
4849|20
4850|17
4851|3
4852|4
4853|20
4854|21
4855|13
4856|1
4857|26
4858|13
4859|18
4860|11
4861|20
4862|12
4863|1
4864|26
4865|9
4866|3
4867|5
4868|22
4869|1
4870|8
4871|20
4872|22
4873|14
4874|9
4875|15
4876|16
4877|19
4878|3
4879|9
4880|19
4881|20
4882|14
4883|27
4884|2
4885|11
4886|19
4887|20
4888|20
4889|26
4890|12
4891|9
4892|3
4893|0
4894|9
4895|2
4896|25
4897|11
4898|19
4899|18
4900|4
4901|26
4902|24
4903|27
4904|8
4905|22
4906|21
4907|0
4908|24
4909|26
4910|2
4911|20
4912|13
4913|22
4914|4
4915|15
4916|7
4917|20
4918|24
4919|3
4920|27
4921|2
4922|20
4923|8
4924|3
4925|22
4926|20
4927|12
4928|20
4929|4
4930|27
4931|9
4932|19
4933|12
4934|13
4935|5
4936|3
4937|26
4938|19
4939|15
4940|20
4941|24
4942|3
4943|9
4944|5
4945|27
4946|3
4947|24
4948|22
4949|13
4950|17
4951|5
4952|26
4953|19
4954|9
4955|3
4956|14
4957|6
4958|22
4959|3
4960|22
4961|6
4962|19
4963|3
4964|26
4965|20
4966|26
4967|3
4968|23
4969|19
4970|20
4971|21
4972|26
4973|3
4974|9
4975|5
4976|10
4977|22
4978|24
4979|22
4980|26
4981|15
4982|25
4983|3
4984|6
4985|15
4986|6
4987|17
4988|4
4989|24
4990|5
4991|9
4992|11
4993|26
4994|26
4995|26
4996|15
4997|14
4998|18
4999|24
5000|3
5001|3
5002|7
5003|8
5004|5
5005|15
5006|8
5007|17
5008|20
5009|9
5010|17
5011|14
5012|22
5013|2
5014|26
5015|24
5016|3
5017|20
5018|15
5019|24
5020|26
5021|22
5022|9
5023|26
5024|16
5025|16
5026|3
5027|2
5028|5
5029|13
5030|16
5031|12
5032|18
5033|8
5034|11
5035|0
5036|26
5037|4
5038|19
5039|8
5040|3
5041|3
5042|17
5043|16
5044|9
5045|26
5046|25
5047|20
5048|15
5049|22
5050|3
5051|20
5052|17
5053|19
5054|20
5055|23
5056|9
5057|3
5058|17
5059|13
5060|8
5061|17
5062|15
5063|19
5064|23
5065|16
5066|5
5067|21
5068|26
5069|3
5070|26
5071|27
5072|1
5073|3
5074|23
5075|20
5076|3
5077|1
5078|19
5079|16
5080|1
5081|6
5082|8
5083|15
5084|22
5085|9
5086|20
5087|26
5088|16
5089|9
5090|16
5091|4
5092|3
5093|15
5094|12
5095|3
5096|26
5097|20
5098|9
5099|9
5100|8
5101|7
5102|3
5103|26
5104|0
5105|21
5106|12
5107|18
5108|4
5109|8
5110|14
5111|3
5112|14
5113|6
5114|24
5115|15
5116|7
5117|19
5118|5
5119|2
5120|20
5121|26
5122|7
5123|17
5124|7
5125|15
5126|5
5127|3
5128|16
5129|4
5130|15
5131|3
5132|25
5133|8
5134|19
5135|3
5136|12
5137|5
5138|17
5139|12
5140|21
5141|17
5142|13
5143|12
5144|9
5145|4
5146|19
5147|26
5148|8
5149|2
5150|1
5151|26
5152|17
5153|26
5154|3
5155|3
5156|15
5157|3
5158|23
5159|14
5160|5
5161|4
5162|2
5163|14
5164|3
5165|10
5166|15
5167|26
5168|20
5169|9
5170|27
5171|5
5172|3
5173|26
5174|9
5175|23
5176|15
5177|16
5178|17
5179|21
5180|3
5181|26
5182|13
5183|7
5184|17
5185|14
5186|3
5187|26
5188|9
5189|3
5190|18
5191|5
5192|26
5193|22
5194|9
5195|10
5196|13
5197|13
5198|3
5199|9
5200|16
5201|22
5202|11
5203|5
5204|26
5205|27
5206|12
5207|5
5208|26
5209|8
5210|11
5211|8
5212|17
5213|3
5214|26
5215|20
5216|12
5217|21
5218|17
5219|26
5220|24
5221|21
5222|3
5223|19
5224|21
5225|17
5226|26
5227|24
5228|9
5229|3
5230|16
5231|17
5232|19
5233|19
5234|5
5235|7
5236|13
5237|3
5238|13
5239|5
5240|10
5241|9
5242|12
5243|12
5244|8
5245|8
5246|1
5247|5
5248|12
5249|3
5250|11
5251|26
5252|24
5253|3
5254|23
5255|16
5256|2
5257|15
5258|9
5259|7
5260|6
5261|3
5262|20
5263|5
5264|7
5265|8
5266|24
5267|5
5268|3
5269|9
5270|18
5271|26
5272|17
5273|3
5274|8
5275|5
5276|26
5277|14
5278|9
5279|7
5280|26
5281|16
5282|5
5283|5
5284|4
5285|19
5286|14
5287|26
5288|6
5289|3
5290|26
5291|19
5292|2
5293|20
5294|17
5295|20
5296|5
5297|9
5298|26
5299|8
5300|3
5301|8
5302|20
5303|15
5304|17
5305|15
5306|3
5307|26
5308|27
5309|8
5310|12
5311|3
5312|26
5313|2
5314|7
5315|9
5316|4
5317|16
5318|15
5319|13
5320|8
5321|18
5322|9
5323|9
5324|3
5325|24
5326|3
5327|9
5328|14
5329|23
5330|26
5331|3
5332|23
5333|26
5334|9
5335|12
5336|7
5337|16
5338|4
5339|15
5340|27
5341|26
5342|7
5343|20
5344|8
5345|12
5346|18
5347|26
5348|26
5349|17
5350|2
5351|3
5352|9
5353|20
5354|3
5355|26
5356|23
5357|1
5358|11
5359|26
5360|4
5361|2
5362|9
5363|23
5364|3
5365|8
5366|26
5367|15
5368|26
5369|10
5370|15
5371|20
5372|7
5373|9
5374|13
5375|16
5376|9
5377|3
5378|15
5379|20
5380|20
5381|16
5382|16
5383|9
5384|21
5385|24
5386|7
5387|26
5388|3
5389|23
5390|1
5391|3
5392|11
5393|16
5394|14
5395|16
5396|4
5397|21
5398|5
5399|27
5400|7
5401|21
5402|9
5403|27
5404|17
5405|5
5406|27
5407|3
5408|16
5409|23
5410|3
5411|17
5412|22
5413|15
5414|14
5415|8
5416|26
5417|18
5418|16
5419|3
5420|3
5421|8
5422|8
5423|26
5424|3
5425|20
5426|5
5427|17
5428|19
5429|19
5430|4
5431|26
5432|4
5433|17
5434|19
5435|3
5436|5
5437|9
5438|7
5439|26
5440|27
5441|3
5442|15
5443|26
5444|3
5445|9
5446|17
5447|20
5448|4
5449|13
5450|27
5451|24
5452|17
5453|23
5454|24
5455|26
5456|3
5457|7
5458|20
5459|3
5460|18
5461|9
5462|26
5463|16
5464|8
5465|12
5466|15
5467|16
5468|1
5469|22
5470|6
5471|11
5472|23
5473|9
5474|16
5475|20
5476|4
5477|16
5478|11
5479|20
5480|23
5481|16
5482|16
5483|2
5484|1
5485|3
5486|21
5487|4
5488|24
5489|16
5490|11
5491|24
5492|7
5493|20
5494|11
5495|16
5496|13
5497|14
5498|2
5499|3
5500|22
5501|22
5502|16
5503|12
5504|14
5505|20
5506|13
5507|8
5508|4
5509|16
