0|2
1|26
2|1
3|10
4|6
5|1
6|27
7|18
8|19
9|4
10|13
11|6
12|12
13|18
14|14
15|4
16|3
17|6
18|7
19|8
20|16
21|7
22|3
23|27
24|5
25|24
26|20
27|27
28|22
29|1
30|19
31|27
32|6
33|22
34|0
35|8
36|19
37|13
38|19
39|5
40|15
41|1
42|0
43|15
44|13
45|12
46|13
47|7
48|19
49|15
50|7
51|7
52|3
53|9
54|4
55|7
56|12
57|2
58|13
59|1
60|20
61|24
62|21
63|0
64|17
65|27
66|19
67|21
68|8
69|24
70|6
71|22
72|17
73|17
74|7
75|9
76|10
77|19
78|27
79|15
80|24
81|18
82|15
83|6
84|5
85|22
86|10
87|8
88|27
89|6
90|4
91|24
92|15
93|2
94|5
95|26
96|27
97|21
98|27
99|10
100|4
101|12
102|18
103|12
104|3
105|11
106|19
107|3
108|7
109|25
110|10
111|21
112|19
113|27
114|8
115|20
116|4
117|15
118|13
119|19
120|6
121|6
122|13
123|9
124|14
125|3
126|15
127|7
128|5
129|0
130|22
131|25
132|10
133|9
134|13
135|17
136|9
137|7
138|24
139|25
140|6
141|18
142|6
143|6
144|5
145|9
146|24
147|6
148|0
149|18
150|4
151|13
152|15
153|8
154|9
155|8
156|15
157|24
158|19
159|0
160|2
161|10
162|21
163|12
164|22
165|3
166|2
167|20
168|9
169|27
170|7
171|5
172|21
173|7
174|22
175|11
176|14
177|8
178|5
179|24
180|21
181|21
182|7
183|23
184|19
185|6
186|13
187|2
188|20
189|19
190|16
191|19
192|3
193|27
194|9
195|4
196|2
197|4
198|9
199|0
200|2
201|27
202|10
203|7
204|7
205|2
206|19
207|2
208|19
209|22
210|19
211|19
212|25
213|2
214|4
215|27
216|13
217|7
218|1
219|2
220|12
221|24
222|2
223|9
224|19
225|21
226|24
227|26
228|19
229|19
230|23
231|5
232|6
233|21
234|24
235|12
236|27
237|0
238|24
239|27
240|14
241|4
242|6
243|6
244|2
245|24
246|15
247|4
248|10
249|27
250|24
251|13
252|20
253|8
254|19
255|5
256|9
257|23
258|21
259|17
260|4
261|23
262|0
263|13
264|19
265|6
266|13
267|19
268|20
269|10
270|5
271|11
272|17
273|19
274|6
275|18
276|4
277|1
278|19
279|27
280|10
281|25
282|21
283|7
284|21
285|4
286|6
287|22
288|21
289|5
290|22
291|21
292|24
293|5
294|6
295|0
296|20
297|8
298|23
299|27
300|1
301|5
302|21
303|5
304|18
305|19
306|5
307|13
308|16
309|17
310|19
311|26
312|5
313|19
314|8
315|14
316|3
317|9
318|18
319|14
320|24
321|27
322|7
323|0
324|13
325|4
326|6
327|1
328|19
329|19
330|27
331|13
332|15
333|21
334|4
335|2
336|4
337|5
338|4
339|25
340|13
341|21
342|19
343|0
344|10
345|19
346|4
347|21
348|19
349|24
350|0
351|23
352|19
353|25
354|9
355|17
356|9
357|19
358|19
359|12
360|27
361|9
362|27
363|24
364|3
365|19
366|20
367|13
368|27
369|5
370|19
371|1
372|27
373|15
374|26
375|19
376|4
377|6
378|13
379|27
380|7
381|27
382|9
383|16
384|27
385|23
386|20
387|24
388|10
389|11
390|19
391|25
392|14
393|0
394|13
395|20
396|15
397|12
398|19
399|9
400|24
401|6
402|0
403|15
404|7
405|26
406|25
407|19
408|1
409|27
410|15
411|14
412|0
413|15
414|10
415|2
416|11
417|10
418|22
419|6
420|27
421|13
422|2
423|17
424|6
425|4
426|5
427|0
428|10
429|7
430|27
431|6
432|19
433|27
434|4
435|0
436|24
437|2
438|19
439|13
440|24
441|27
442|27
443|3
444|17
445|21
446|21
447|6
448|7
449|11
450|4
451|16
452|5
453|19
454|25
455|19
456|21
457|0
458|17
459|7
460|25
461|6
462|22
463|25
464|12
465|8
466|27
467|4
468|13
469|0
470|26
471|10
472|19
473|17
474|22
475|2
476|8
477|3
478|18
479|13
480|27
481|19
482|13
483|0
484|0
485|21
486|2
487|20
488|0
489|2
490|5
491|19
492|19
493|1
494|0
495|7
496|4
497|15
498|24
499|7
500|5
501|0
502|8
503|1
504|7
505|5
506|19
507|0
508|22
509|9
510|22
511|24
512|9
513|5
514|11
515|19
516|15
517|7
518|27
519|0
520|21
521|23
522|24
523|4
524|5
525|13
526|9
527|10
528|27
529|9
530|9
531|12
532|19
533|6
534|1
535|14
536|2
537|20
538|10
539|17
540|18
541|25
542|24
543|11
544|0
545|27
546|19
547|6
548|6
549|20
550|5
551|8
552|18
553|15
554|12
555|17
556|25
557|22
558|18
559|14
560|10
561|15
562|11
563|26
564|13
565|13
566|5
567|14
568|19
569|22
570|1
571|13
572|22
573|5
574|11
575|10
576|13
577|14
578|21
579|13
580|19
581|0
582|4
583|6
584|21
585|1
586|15
587|0
588|7
589|10
590|1
591|2
592|11
593|18
594|0
595|26
596|14
597|5
598|2
599|15
600|2
601|27
602|21
603|7
604|25
605|20
606|25
607|13
608|17
609|19
610|2
611|20
612|3
613|13
614|3
615|8
616|11
617|27
618|25
619|19
620|22
621|9
622|4
623|2
624|1
625|10
626|13
627|26
628|25
629|14
630|0
631|3
632|6
633|24
634|1
635|19
636|21
637|0
638|1
639|27
640|0
641|2
642|19
643|11
644|27
645|10
646|4
647|13
648|22
649|8
650|16
651|2
652|6
653|21
654|9
655|19
656|0
657|2
658|14
659|23
660|15
661|19
662|10
663|20
664|1
665|1
666|2
667|19
668|22
669|18
670|18
671|27
672|3
673|13
674|19
675|19
676|25
677|8
678|11
679|19
680|3
681|19
682|5
683|27
684|19
685|1
686|2
687|10
688|27
689|7
690|12
691|12
692|2
693|6
694|19
695|12
696|17
697|23
698|26
699|27
700|4
701|25
702|13
703|6
704|4
705|13
706|18
707|4
708|0
709|7
710|20
711|9
712|13
713|18
714|11
715|9
716|18
717|27
718|9
719|4
720|2
721|25
722|8
723|14
724|20
725|16
726|6
727|1
728|9
729|0
730|15
731|26
732|23
733|7
734|16
735|19
736|4
737|22
738|8
739|21
740|26
741|26
742|21
743|24
744|9
745|19
746|9
747|9
748|0
749|19
750|15
751|7
752|8
753|14
754|24
755|4
756|20
757|25
758|16
759|1
760|11
761|19
762|19
763|19
764|11
765|5
766|5
767|26
768|4
769|0
770|5
771|25
772|0
773|27
774|11
775|9
776|0
777|7
778|17
779|8
780|25
781|6
782|6
783|27
784|14
785|3
786|11
787|27
788|0
789|15
790|25
791|23
792|18
793|11
794|5
795|12
796|20
797|1
798|13
799|7
800|13
801|2
802|21
803|1
804|7
805|27
806|19
807|19
808|7
809|21
810|19
811|24
812|12
813|26
814|24
815|27
816|7
817|0
818|6
819|3
820|0
821|9
822|0
823|19
824|21
825|27
826|10
827|19
828|21
829|8
830|15
831|27
832|1
833|12
834|1
835|8
836|21
837|12
838|19
839|25
840|24
841|27
842|19
843|2
844|25
845|19
846|0
847|17
848|20
849|23
850|14
851|2
852|1
853|16
854|6
855|21
856|22
857|18
858|5
859|26
860|2
861|24
862|16
863|27
864|23
865|7
866|27
867|17
868|25
869|16
870|9
871|21
872|0
873|2
874|10
875|4
876|15
877|27
878|8
879|3
880|5
881|10
882|11
883|9
884|12
885|9
886|14
887|14
888|8
889|22
890|15
891|21
892|0
893|4
894|12
895|10
896|19
897|19
898|27
899|20
900|17
901|10
902|16
903|25
904|21
905|6
906|2
907|16
908|0
909|8
910|11
911|4
912|2
913|5
914|23
915|19
916|24
917|15
918|27
919|15
920|14
921|9
922|14
923|8
924|4
925|7
926|18
927|19
928|13
929|11
930|19
931|26
932|5
933|1
934|25
935|12
936|21
937|27
938|19
939|0
940|24
941|13
942|4
943|10
944|27
945|19
946|4
947|21
948|19
949|27
950|25
951|26
952|11
953|19
954|22
955|7
956|8
957|21
958|12
959|21
960|14
961|27
962|3
963|9
964|25
965|20
966|21
967|4
968|1
969|12
970|25
971|6
972|15
973|22
974|20
975|3
976|4
977|0
978|0
979|21
980|24
981|21
982|19
983|20
984|24
985|13
986|15
987|7
988|15
989|19
990|17
991|7
992|15
993|6
994|6
995|24
996|6
997|21
998|5
999|1
1000|5
1001|25
1002|19
1003|19
1004|20
1005|4
1006|5
1007|7
1008|8
1009|19
1010|25
1011|1
1012|15
1013|15
1014|19
1015|5
1016|20
1017|19
1018|3
1019|21
1020|25
1021|20
1022|21
1023|2
1024|6
1025|22
1026|2
1027|15
1028|2
1029|12
1030|0
1031|9
1032|5
1033|8
1034|25
1035|21
1036|2
1037|27
1038|21
1039|19
1040|6
1041|19
1042|19
1043|8
1044|4
1045|27
1046|27
1047|3
1048|25
1049|4
1050|13
1051|25
1052|4
1053|21
1054|5
1055|9
1056|22
1057|19
1058|1
1059|12
1060|8
1061|1
1062|4
1063|25
1064|25
1065|19
1066|19
1067|27
1068|7
1069|3
1070|10
1071|6
1072|4
1073|1
1074|19
1075|14
1076|21
1077|1
1078|12
1079|10
1080|10
1081|15
1082|8
1083|27
1084|15
1085|12
1086|2
1087|20
1088|10
1089|15
1090|12
1091|8
1092|2
1093|27
1094|1
1095|19
1096|6
1097|22
1098|19
1099|0
1100|13
1101|9
1102|22
1103|13
1104|24
1105|27
1106|15
1107|5
1108|8
1109|12
1110|12
1111|2
1112|21
1113|3
1114|20
1115|7
1116|0
1117|12
1118|1
1119|27
1120|26
1121|21
1122|21
1123|21
1124|7
1125|14
1126|6
1127|13
1128|15
1129|13
1130|19
1131|16
1132|4
1133|0
1134|3
1135|12
1136|20
1137|2
1138|26
1139|24
1140|21
1141|15
1142|25
1143|19
1144|1
1145|12
1146|24
1147|1
1148|0
1149|2
1150|23
1151|10
1152|22
1153|24
1154|27
1155|22
1156|16
1157|13
1158|0
1159|18
1160|7
1161|7
1162|12
1163|19
1164|25
1165|1
1166|19
1167|27
1168|18
1169|4
1170|6
1171|19
1172|2
1173|1
1174|19
1175|4
1176|27
1177|5
1178|4
1179|15
1180|19
1181|8
1182|3
1183|24
1184|1
1185|19
1186|13
1187|19
1188|25
1189|3
1190|19
1191|16
1192|2
1193|27
1194|4
1195|21
1196|19
1197|19
1198|19
1199|9
1200|19
1201|0
1202|24
1203|1
1204|15
1205|13
1206|19
1207|17
1208|24
1209|23
1210|20
1211|4
1212|19
1213|27
1214|4
1215|0
1216|8
1217|15
1218|9
1219|26
1220|27
1221|25
1222|10
1223|6
1224|5
1225|18
1226|22
1227|20
1228|5
1229|7
1230|27
1231|11
1232|27
1233|15
1234|9
1235|13
1236|5
1237|19
1238|10
1239|1
1240|4
1241|27
1242|4
1243|6
1244|21
1245|21
1246|3
1247|5
1248|0
1249|19
1250|10
1251|15
1252|20
1253|27
1254|27
1255|6
1256|19
1257|26
1258|17
1259|5
1260|6
1261|21
1262|24
1263|0
1264|2
1265|12
1266|27
1267|1
1268|22
1269|22
1270|7
1271|22
1272|1
1273|27
1274|6
1275|1
1276|13
1277|16
1278|1
1279|25
1280|21
1281|14
1282|19
1283|19
1284|10
1285|0
1286|19
1287|15
1288|22
1289|10
1290|22
1291|15
1292|3
1293|0
1294|20
1295|8
1296|12
1297|7
1298|2
1299|7
1300|5
1301|6
1302|0
1303|27
1304|27
1305|24
1306|26
1307|19
1308|19
1309|20
1310|4
1311|25
1312|19
1313|27
1314|6
1315|2
1316|24
1317|14
1318|9
1319|20
1320|0
1321|9
1322|12
1323|9
1324|13
1325|4
1326|23
1327|10
1328|7
1329|15
1330|4
1331|0
1332|16
1333|12
1334|4
1335|13
1336|11
1337|21
1338|15
1339|24
1340|20
1341|13
1342|16
1343|9
1344|26
1345|27
1346|22
1347|5
1348|0
1349|24
1350|3
1351|7
1352|11
1353|21
1354|9
1355|12
1356|17
1357|27
1358|12
1359|23
1360|25
1361|8
1362|15
1363|9
1364|16
1365|19
1366|19
1367|18
1368|19
1369|26
1370|4
1371|14
1372|19
1373|2
1374|4
1375|7
1376|27
1377|19
1378|8
1379|10
1380|25
1381|6
1382|5
1383|13
1384|5
1385|14
1386|8
1387|0
1388|20
1389|25
1390|8
1391|6
1392|0
1393|19
1394|27
1395|11
1396|18
1397|23
1398|0
1399|17
1400|8
1401|17
1402|27
1403|1
1404|3
1405|18
1406|22
1407|19
1408|22
1409|5
1410|16
1411|0
1412|19
1413|4
1414|3
1415|19
1416|24
1417|0
1418|19
1419|25
1420|17
1421|14
1422|10
1423|15
1424|4
1425|2
1426|4
1427|27
1428|8
1429|2
1430|17
1431|2
1432|14
1433|12
1434|27
1435|15
1436|27
1437|27
1438|12
1439|25
1440|9
1441|4
1442|21
1443|14
1444|5
1445|7
1446|0
1447|4
1448|3
1449|13
1450|19
1451|6
1452|19
1453|19
1454|20
1455|27
1456|4
1457|19
1458|12
1459|7
1460|15
1461|18
1462|9
1463|11
1464|26
1465|13
1466|9
1467|5
1468|1
1469|6
1470|19
1471|7
1472|1
1473|17
1474|4
1475|6
1476|25
1477|1
1478|25
1479|27
1480|2
1481|16
1482|4
1483|10
1484|16
1485|9
1486|11
1487|11
1488|19
1489|2
1490|0
1491|19
1492|6
1493|26
1494|16
1495|7
1496|16
1497|15
1498|4
1499|27
1500|22
1501|2
1502|5
1503|9
1504|5
1505|15
1506|6
1507|24
1508|19
1509|5
1510|2
1511|1
1512|9
1513|11
1514|0
1515|19
1516|4
1517|26
1518|24
1519|21
1520|2
1521|20
1522|6
1523|13
1524|19
1525|6
1526|27
1527|21
1528|27
1529|27
1530|5
1531|10
1532|5
1533|12
1534|19
1535|9
1536|21
1537|7
1538|19
1539|16
1540|4
1541|1
1542|19
1543|19
1544|18
1545|18
1546|3
1547|22
1548|21
1549|13
1550|19
1551|7
1552|19
1553|19
1554|7
1555|27
1556|13
1557|7
1558|24
1559|5
1560|7
1561|6
1562|21
1563|14
1564|17
1565|25
1566|20
1567|1
1568|21
1569|27
1570|8
1571|1
1572|7
1573|5
1574|4
1575|12
1576|17
1577|20
1578|15
1579|19
1580|23
1581|6
1582|1
1583|19
1584|6
1585|8
1586|19
1587|5
1588|10
1589|19
1590|19
1591|24
1592|21
1593|4
1594|19
1595|7
1596|5
1597|25
1598|13
1599|24
1600|21
1601|5
1602|1
1603|21
1604|12
1605|19
1606|19
1607|12
1608|5
1609|20
1610|24
1611|4
1612|2
1613|9
1614|22
1615|8
1616|22
1617|0
1618|19
1619|6
1620|6
1621|19
1622|6
1623|19
1624|21
1625|19
1626|27
1627|21
1628|27
1629|4
1630|10
1631|8
1632|26
1633|27
1634|27
1635|26
1636|14
1637|6
1638|5
1639|26
1640|7
1641|25
1642|21
1643|4
1644|9
1645|17
1646|1
1647|5
1648|0
1649|18
1650|15
1651|18
1652|5
1653|23
1654|2
1655|7
1656|6
1657|10
1658|27
1659|18
1660|1
1661|16
1662|0
1663|19
1664|27
1665|21
1666|18
1667|19
1668|15
1669|0
1670|2
1671|1
1672|3
1673|14
1674|22
1675|6
1676|2
1677|24
1678|24
1679|27
1680|8
1681|19
1682|19
1683|13
1684|5
1685|9
1686|27
1687|19
1688|22
1689|13
1690|23
1691|6
1692|20
1693|1
1694|23
1695|4
1696|14
1697|2
1698|8
1699|4
1700|2
1701|13
1702|20
1703|6
1704|22
1705|7
1706|10
1707|8
1708|6
1709|1
1710|5
1711|15
1712|6
1713|0
1714|19
1715|8
1716|27
1717|0
1718|23
1719|25
1720|13
1721|20
1722|0
1723|4
1724|22
1725|19
1726|10
1727|27
1728|19
1729|3
1730|8
1731|9
1732|21
1733|18
1734|3
1735|2
1736|9
1737|14
1738|8
1739|22
1740|20
1741|7
1742|22
1743|15
1744|2
1745|19
1746|24
1747|17
1748|14
1749|1
1750|26
1751|21
1752|2
1753|26
1754|13
1755|21
1756|0
1757|27
1758|7
1759|6
1760|19
1761|11
1762|9
1763|5
1764|19
1765|9
1766|0
1767|20
1768|2
1769|6
1770|9
1771|7
1772|25
1773|5
1774|17
1775|6
1776|21
1777|10
1778|9
1779|22
1780|15
1781|4
1782|18
1783|3
1784|9
1785|16
1786|7
1787|0
1788|9
1789|19
1790|15
1791|11
1792|8
1793|26
1794|9
1795|12
1796|17
1797|16
1798|25
1799|24
1800|27
1801|8
1802|2
1803|15
1804|9
1805|9
1806|4
1807|18
1808|1
1809|5
1810|8
1811|4
1812|25
1813|11
1814|25
1815|4
1816|8
1817|19
1818|19
1819|21
1820|10
1821|6
1822|8
1823|4
1824|6
1825|23
1826|27
1827|26
1828|15
1829|24
1830|2
1831|19
1832|2
1833|5
1834|19
1835|10
1836|20
1837|17
1838|19
1839|2
1840|25
1841|17
1842|4
1843|2
1844|19
1845|24
1846|23
1847|20
1848|27
1849|4
1850|0
1851|24
1852|1
1853|1
1854|4
1855|2
1856|6
1857|6
1858|19
1859|8
1860|12
1861|10
1862|1
1863|3
1864|6
1865|4
1866|0
1867|16
1868|10
1869|11
1870|22
1871|12
1872|5
1873|13
1874|19
1875|16
1876|11
1877|15
1878|0
1879|8
1880|27
1881|5
1882|6
1883|15
1884|3
1885|20
1886|21
1887|10
1888|19
1889|3
1890|7
1891|1
1892|15
1893|8
1894|19
1895|1
1896|2
1897|8
1898|15
1899|0
1900|15
1901|23
1902|23
1903|19
1904|14
1905|0
1906|7
1907|27
1908|19
1909|27
1910|24
1911|17
1912|14
1913|19
1914|9
1915|25
1916|18
1917|27
1918|1
1919|26
1920|17
1921|8
1922|4
1923|19
1924|19
1925|9
1926|9
1927|10
1928|10
1929|22
1930|27
1931|19
1932|21
1933|2
1934|7
1935|19
1936|0
1937|7
1938|14
1939|0
1940|3
1941|20
1942|8
1943|23
1944|10
1945|27
1946|1
1947|10
1948|13
1949|19
1950|23
1951|19
1952|6
1953|9
1954|22
1955|2
1956|2
1957|9
1958|17
1959|23
1960|1
1961|1
1962|22
1963|7
1964|11
1965|0
1966|12
1967|22
1968|12
1969|23
1970|27
1971|19
1972|17
1973|19
1974|26
1975|9
1976|3
1977|19
1978|26
1979|18
1980|27
1981|6
1982|5
1983|27
1984|4
1985|5
1986|13
1987|12
1988|2
1989|27
1990|8
1991|12
1992|15
1993|6
1994|6
1995|1
1996|11
1997|1
1998|5
1999|7
2000|12
2001|24
2002|4
2003|11
2004|9
2005|19
2006|22
2007|20
2008|19
2009|7
2010|1
2011|13
2012|24
2013|11
2014|0
2015|9
2016|19
2017|0
2018|3
2019|0
2020|19
2021|27
2022|0
2023|2
2024|18
2025|11
2026|24
2027|19
2028|12
2029|1
2030|11
2031|24
2032|10
2033|15
2034|2
2035|18
2036|4
2037|15
2038|7
2039|5
2040|27
2041|24
2042|2
2043|21
2044|14
2045|24
2046|5
2047|19
2048|19
2049|27
2050|12
2051|10
2052|11
2053|27
2054|0
2055|21
2056|21
2057|4
2058|14
2059|18
2060|22
2061|26
2062|19
2063|27
2064|15
2065|7
2066|5
2067|2
2068|6
2069|21
2070|11
2071|22
2072|12
2073|19
2074|25
2075|20
2076|11
2077|10
2078|13
2079|6
2080|18
2081|7
2082|24
2083|19
2084|4
2085|0
2086|0
2087|14
2088|12
2089|4
2090|5
2091|21
2092|27
2093|24
2094|8
2095|19
2096|9
2097|23
2098|5
2099|22
2100|5
2101|9
2102|15
2103|10
2104|14
2105|9
2106|13
2107|20
2108|20
2109|6
2110|13
2111|23
2112|1
2113|20
2114|1
2115|19
2116|1
2117|22
2118|9
2119|10
2120|19
2121|21
2122|19
2123|5
2124|17
2125|5
2126|17
2127|27
2128|26
2129|9
2130|12
2131|5
2132|4
2133|1
2134|23
2135|21
2136|7
2137|15
2138|2
2139|19
2140|14
2141|26
2142|19
2143|10
2144|19
2145|23
2146|19
2147|10
2148|22
2149|2
2150|1
2151|20
2152|19
2153|26
2154|1
2155|8
2156|22
2157|19
2158|18
2159|12
2160|16
2161|25
2162|10
2163|13
2164|27
2165|19
2166|7
2167|17
2168|15
2169|19
2170|25
2171|25
2172|2
2173|26
2174|12
2175|7
2176|14
2177|19
2178|1
2179|15
2180|19
2181|16
2182|4
2183|20
2184|22
2185|21
2186|25
2187|0
2188|20
2189|14
2190|1
2191|15
2192|6
2193|19
2194|6
2195|8
2196|18
2197|19
2198|5
2199|21
2200|15
2201|17
2202|7
2203|24
2204|20
2205|25
2206|19
2207|18
2208|19
2209|25
2210|26
2211|14
2212|5
2213|6
2214|9
2215|9
2216|22
2217|8
2218|20
2219|8
2220|10
2221|20
2222|10
2223|14
2224|9
2225|6
2226|3
2227|2
2228|18
2229|5
2230|19
2231|11
2232|0
2233|18
2234|13
2235|5
2236|19
2237|4
2238|22
2239|6
2240|7
2241|13
2242|26
2243|9
2244|5
2245|21
2246|2
2247|11
2248|20
2249|4
2250|23
2251|2
2252|22
2253|22
2254|7
2255|14
2256|4
2257|11
2258|12
2259|25
2260|21
2261|19
2262|2
2263|0
2264|24
2265|10
2266|25
2267|2
2268|25
2269|0
2270|3
2271|19
2272|5
2273|26
2274|2
2275|6
2276|1
2277|3
2278|6
2279|19
2280|13
2281|6
2282|21
2283|14
2284|19
2285|1
2286|19
2287|7
2288|0
2289|7
2290|6
2291|0
2292|7
2293|0
2294|20
2295|22
2296|18
2297|19
2298|23
2299|4
2300|12
2301|21
2302|20
2303|19
2304|2
2305|18
2306|24
2307|22
2308|2
2309|24
2310|19
2311|12
2312|9
2313|13
2314|9
2315|15
2316|6
2317|25
2318|1
2319|3
2320|16
2321|26
2322|11
2323|14
2324|2
2325|21
2326|27
2327|11
2328|19
2329|10
2330|19
2331|8
2332|0
2333|1
2334|4
2335|17
2336|6
2337|17
2338|16
2339|15
2340|27
2341|8
2342|5
2343|2
2344|23
2345|19
2346|10
2347|6
2348|11
2349|18
2350|27
2351|22
2352|14
2353|4
2354|26
2355|6
2356|6
2357|3
2358|5
2359|22
2360|13
2361|4
2362|19
2363|22
2364|6
2365|25
2366|5
2367|21
2368|0
2369|0
2370|15
2371|27
2372|4
2373|19
2374|6
2375|7
2376|1
2377|21
2378|26
2379|19
2380|22
2381|1
2382|5
2383|6
2384|19
2385|21
2386|7
2387|7
2388|2
2389|6
2390|5
2391|2
2392|17
2393|14
2394|2
2395|19
2396|19
2397|17
2398|20
2399|20
2400|7
2401|11
2402|24
2403|17
2404|24
2405|19
2406|7
2407|19
2408|21
2409|7
2410|7
2411|2
2412|24
2413|9
2414|20
2415|19
2416|10
2417|15
2418|5
2419|5
2420|9
2421|4
2422|14
2423|2
2424|24
2425|12
2426|10
2427|2
2428|19
2429|7
2430|20
2431|14
2432|4
2433|15
2434|2
2435|17
2436|4
2437|24
2438|27
2439|11
2440|9
2441|1
2442|19
2443|18
2444|20
2445|21
2446|19
2447|2
2448|6
2449|8
2450|16
2451|12
2452|27
2453|6
2454|25
2455|14
2456|4
2457|6
2458|6
2459|5
2460|20
2461|3
2462|19
2463|17
2464|13
2465|4
2466|25
2467|7
2468|26
2469|19
2470|13
2471|6
2472|1
2473|21
2474|9
2475|4
2476|9
2477|1
2478|19
2479|27
2480|21
2481|11
2482|14
2483|8
2484|13
2485|1
2486|19
2487|2
2488|13
2489|8
2490|0
2491|21
2492|12
2493|4
2494|0
2495|24
2496|6
2497|20
2498|13
2499|14
2500|19
2501|23
2502|8
2503|15
2504|16
2505|24
2506|17
2507|4
2508|10
2509|5
2510|25
2511|1
2512|5
2513|12
2514|19
2515|7
2516|24
2517|15
2518|20
2519|22
2520|24
2521|19
2522|13
2523|2
2524|24
2525|15
2526|21
2527|17
2528|22
2529|0
2530|24
2531|20
2532|27
2533|19
2534|8
2535|26
2536|7
2537|9
2538|2
2539|15
2540|7
2541|25
2542|15
2543|10
2544|19
2545|7
2546|4
2547|22
2548|2
2549|1
2550|8
2551|27
2552|7
2553|3
2554|8
2555|22
2556|21
2557|12
2558|8
2559|1
2560|19
2561|22
2562|6
2563|25
2564|22
2565|0
2566|10
2567|9
2568|5
2569|12
2570|0
2571|11
2572|1
2573|19
2574|7
2575|6
2576|27
2577|6
2578|5
2579|4
2580|2
2581|1
2582|2
2583|17
2584|18
2585|2
2586|1
2587|19
2588|15
2589|25
2590|21
2591|15
2592|12
2593|7
2594|19
2595|27
2596|4
2597|8
2598|10
2599|17
2600|0
2601|9
2602|6
2603|14
2604|18
2605|5
2606|5
2607|21
2608|9
2609|6
2610|20
2611|23
2612|10
2613|4
2614|21
2615|19
2616|3
2617|9
2618|12
2619|19
2620|27
2621|24
2622|20
2623|8
2624|19
2625|12
2626|5
2627|15
2628|15
2629|0
2630|15
2631|12
2632|16
2633|13
2634|15
2635|24
2636|19
2637|19
2638|24
2639|3
2640|11
2641|10
2642|14
2643|20
2644|0
2645|27
2646|9
2647|23
2648|21
2649|6
2650|20
2651|11
2652|13
2653|20
2654|27
2655|25
2656|22
2657|5
2658|19
2659|10
2660|9
2661|11
2662|3
2663|1
2664|1
2665|19
2666|13
2667|19
2668|4
2669|0
2670|2
2671|10
2672|0
2673|19
2674|20
2675|22
2676|9
2677|1
2678|0
2679|21
2680|27
2681|19
2682|7
2683|2
2684|10
2685|0
2686|27
2687|6
2688|2
2689|26
2690|21
2691|27
2692|12
2693|3
2694|14
2695|18
2696|1
2697|12
2698|19
2699|22
2700|15
2701|2
2702|5
2703|7
2704|8
2705|22
2706|11
2707|5
2708|1
2709|27
2710|19
2711|20
2712|15
2713|24
2714|19
2715|10
2716|1
2717|22
2718|1
2719|19
2720|23
2721|0
2722|1
2723|13
2724|11
2725|3
2726|17
2727|19
2728|2
2729|26
2730|19
2731|12
2732|19
2733|6
2734|21
2735|20
2736|20
2737|8
2738|6
2739|2
2740|21
2741|26
2742|13
2743|6
2744|13
2745|14
2746|9
2747|13
2748|5
2749|12
2750|15
2751|17
2752|24
2753|8
2754|5
2755|23
2756|25
2757|27
2758|18
2759|24
2760|15
2761|8
2762|10
2763|7
2764|21
2765|7
2766|17
2767|27
2768|13
2769|15
2770|25
2771|7
2772|19
2773|18
2774|19
2775|2
2776|26
2777|21
2778|19
2779|12
2780|15
2781|0
2782|3
2783|1
2784|17
2785|27
2786|0
2787|8
2788|19
2789|2
2790|15
2791|6
2792|17
2793|0
2794|16
2795|25
2796|15
2797|1
2798|26
2799|0
2800|22
2801|22
2802|23
2803|6
2804|1
2805|18
2806|8
2807|16
2808|5
2809|24
2810|21
2811|10
2812|10
2813|1
2814|1
2815|24
2816|27
2817|20
2818|19
2819|6
2820|0
2821|27
2822|17
2823|27
2824|15
2825|7
2826|19
2827|1
2828|10
2829|21
2830|5
2831|15
2832|11
2833|25
2834|13
2835|21
2836|23
2837|15
2838|15
2839|5
2840|27
2841|4
2842|11
2843|13
2844|15
2845|7
2846|17
2847|7
2848|5
2849|5
2850|19
2851|16
2852|19
2853|9
2854|4
2855|17
2856|19
2857|21
2858|26
2859|27
2860|26
2861|19
2862|22
2863|15
2864|11
2865|8
2866|11
2867|20
2868|0
2869|9
2870|3
2871|19
2872|17
2873|19
2874|2
2875|13
2876|20
2877|20
2878|15
2879|21
2880|24
2881|9
2882|1
2883|14
2884|11
2885|19
2886|19
2887|7
2888|11
2889|8
2890|24
2891|23
2892|17
2893|4
2894|12
2895|5
2896|13
2897|15
2898|19
2899|10
2900|19
2901|19
2902|1
2903|15
2904|24
2905|7
2906|20
2907|13
2908|2
2909|6
2910|27
2911|17
2912|22
2913|7
2914|11
2915|6
2916|19
2917|9
2918|3
2919|21
2920|10
2921|22
2922|0
2923|27
2924|20
2925|19
2926|7
2927|25
2928|15
2929|7
2930|21
2931|10
2932|19
2933|4
2934|10
2935|20
2936|23
2937|15
2938|21
2939|0
2940|19
2941|1
2942|22
2943|9
2944|16
2945|6
2946|11
2947|7
2948|1
2949|10
2950|7
2951|3
2952|12
2953|12
2954|18
2955|2
2956|5
2957|11
2958|12
2959|0
2960|13
2961|1
2962|11
2963|6
2964|11
2965|10
2966|5
2967|15
2968|19
2969|17
2970|19
2971|3
2972|15
2973|2
2974|9
2975|19
2976|16
2977|26
2978|9
2979|14
2980|25
2981|24
2982|18
2983|26
2984|27
2985|1
2986|2
2987|7
2988|4
2989|21
2990|12
2991|2
2992|19
2993|0
2994|2
2995|16
2996|11
2997|1
2998|27
2999|11
3000|7
3001|8
3002|11
3003|14
3004|21
3005|5
3006|9
3007|20
3008|13
3009|22
3010|10
3011|1
3012|21
3013|15
3014|21
3015|10
3016|10
3017|1
3018|4
3019|17
3020|7
3021|5
3022|12
3023|19
3024|10
3025|0
3026|26
3027|15
3028|22
3029|23
3030|9
3031|25
3032|27
3033|12
3034|13
3035|18
3036|5
3037|19
3038|21
3039|1
3040|8
3041|18
3042|11
3043|20
3044|22
3045|25
3046|7
3047|13
3048|24
3049|6
3050|19
3051|4
3052|21
3053|7
3054|19
3055|15
3056|22
3057|22
3058|27
3059|6
3060|3
3061|9
3062|10
3063|19
3064|13
3065|26
3066|17
3067|6
3068|15
3069|18
3070|10
3071|21
3072|15
3073|6
3074|16
3075|21
3076|11
3077|16
3078|19
3079|19
3080|15
3081|25
3082|7
3083|10
3084|23
3085|1
3086|9
3087|19
3088|12
3089|12
3090|9
3091|19
3092|11
3093|27
3094|5
3095|27
3096|22
3097|18
3098|22
3099|21
3100|11
3101|11
3102|26
3103|10
3104|20
3105|27
3106|19
3107|21
3108|14
3109|12
3110|8
3111|12
3112|5
3113|19
3114|5
3115|21
3116|22
3117|0
3118|7
3119|19
3120|9
3121|4
3122|7
3123|23
3124|18
3125|19
3126|7
3127|6
3128|3
3129|13
3130|17
3131|27
3132|6
3133|27
3134|19
3135|16
3136|16
3137|19
3138|15
3139|11
3140|5
3141|5
3142|4
3143|18
3144|6
3145|20
3146|20
3147|19
3148|17
3149|9
3150|15
3151|13
3152|14
3153|15
3154|5
3155|22
3156|8
3157|19
3158|2
3159|19
3160|9
3161|19
3162|24
3163|8
3164|22
3165|0
3166|8
3167|1
3168|13
3169|8
3170|9
3171|6
3172|7
3173|4
3174|14
3175|12
3176|20
3177|10
3178|19
3179|22
3180|13
3181|11
3182|5
3183|19
3184|7
3185|4
3186|5
3187|19
3188|27
3189|6
3190|23
3191|24
3192|24
3193|14
3194|26
3195|8
3196|2
3197|6
3198|20
3199|22
3200|2
3201|14
3202|21
3203|15
3204|9
3205|3
3206|6
3207|16
3208|14
3209|1
3210|7
3211|21
3212|6
3213|20
3214|1
3215|10
3216|13
3217|2
3218|5
3219|24
3220|20
3221|14
3222|19
3223|24
3224|12
3225|1
3226|9
3227|6
3228|19
3229|27
3230|9
3231|10
3232|7
3233|24
3234|13
3235|5
3236|17
3237|17
3238|11
3239|5
3240|18
3241|3
3242|25
3243|22
3244|18
3245|12
3246|6
3247|1
3248|14
3249|1
3250|18
3251|9
3252|19
3253|5
3254|17
3255|6
3256|15
3257|10
3258|18
3259|19
3260|25
3261|19
3262|2
3263|15
3264|17
3265|0
3266|21
3267|13
3268|10
3269|0
3270|19
3271|6
3272|8
3273|2
3274|21
3275|19
3276|22
3277|2
3278|1
3279|5
3280|22
3281|24
3282|27
3283|22
3284|9
3285|19
3286|19
3287|22
3288|27
3289|27
3290|13
3291|4
3292|26
3293|18
3294|4
3295|25
3296|11
3297|13
3298|19
3299|9
3300|12
3301|0
3302|5
3303|21
3304|19
3305|2
3306|14
3307|8
3308|7
3309|25
3310|19
3311|9
3312|5
3313|19
3314|6
3315|13
3316|2
3317|1
3318|6
3319|24
3320|7
3321|14
3322|5
3323|19
3324|20
3325|19
3326|27
3327|13
3328|19
3329|25
3330|2
3331|2
3332|12
3333|9
3334|27
3335|1
3336|20
3337|24
3338|25
3339|7
3340|20
3341|2
3342|0
3343|20
3344|26
3345|23
3346|1
3347|20
3348|5
3349|19
3350|21
3351|3
3352|6
3353|19
3354|8
3355|4
3356|7
3357|5
3358|25
3359|3
3360|25
3361|14
3362|6
3363|5
3364|0
3365|25
3366|7
3367|1
3368|6
3369|25
3370|13
3371|24
3372|14
3373|5
3374|1
3375|8
3376|21
3377|21
3378|17
3379|9
3380|19
3381|20
3382|3
3383|13
3384|6
3385|5
3386|4
3387|8
3388|27
3389|18
3390|11
3391|11
3392|13
3393|25
3394|25
3395|0
3396|15
3397|20
3398|19
3399|21
3400|17
3401|24
3402|2
3403|9
3404|9
3405|11
3406|0
3407|21
3408|24
3409|27
3410|13
3411|1
3412|14
3413|11
3414|26
3415|9
3416|25
3417|22
3418|19
3419|7
3420|2
3421|16
3422|8
3423|1
3424|21
3425|7
3426|27
3427|19
3428|2
3429|4
3430|6
3431|16
3432|24
3433|11
3434|26
3435|6
3436|0
3437|7
3438|13
3439|2
3440|10
3441|22
3442|1
3443|2
3444|13
3445|15
3446|13
3447|23
3448|20
3449|2
3450|20
3451|19
3452|10
3453|6
3454|0
3455|3
3456|19
3457|14
3458|11
3459|25
3460|9
3461|22
3462|18
3463|2
3464|21
3465|24
3466|21
3467|3
3468|6
3469|7
3470|1
3471|4
3472|11
3473|19
3474|27
3475|19
3476|10
3477|1
3478|27
3479|23
3480|16
3481|11
3482|4
3483|10
3484|0
3485|13
3486|13
3487|20
3488|27
3489|7
3490|19
3491|21
3492|22
3493|4
3494|6
3495|9
3496|21
3497|20
3498|22
3499|5
3500|10
3501|0
3502|4
3503|7
3504|5
3505|0
3506|11
3507|22
3508|17
3509|6
3510|24
3511|2
3512|6
3513|11
3514|6
3515|8
3516|3
3517|20
3518|19
3519|9
3520|2
3521|4
3522|7
3523|8
3524|8
3525|14
3526|2
3527|22
3528|0
3529|6
3530|1
3531|2
3532|22
3533|12
3534|8
3535|7
3536|0
3537|5
3538|20
3539|1
3540|11
3541|21
3542|14
3543|2
3544|19
3545|7
3546|1
3547|5
3548|13
3549|6
3550|20
3551|24
3552|2
3553|19
3554|3
3555|15
3556|16
3557|26
3558|0
3559|26
3560|19
3561|6
3562|7
3563|20
3564|11
3565|2
3566|2
3567|21
3568|13
3569|19
3570|14
3571|26
3572|7
3573|24
3574|10
3575|13
3576|20
3577|27
3578|3
3579|1
3580|27
3581|12
3582|13
3583|0
3584|5
3585|7
3586|21
3587|6
3588|26
3589|19
3590|19
3591|7
3592|17
3593|18
3594|0
3595|23
3596|0
3597|0
3598|7
3599|24
3600|25
3601|19
3602|11
3603|11
3604|6
3605|12
3606|21
3607|5
3608|27
3609|3
3610|19
3611|5
3612|21
3613|5
3614|8
3615|9
3616|13
3617|19
3618|25
3619|12
3620|16
3621|19
3622|6
3623|15
3624|19
3625|13
3626|19
3627|20
3628|19
3629|1
3630|3
3631|9
3632|19
3633|5
3634|1
3635|0
3636|5
3637|19
3638|8
3639|27
3640|7
3641|21
3642|9
3643|1
3644|25
3645|24
3646|19
3647|19
3648|7
3649|1
3650|16
3651|6
3652|12
3653|21
3654|7
3655|4
3656|17
3657|22
3658|25
3659|5
3660|11
3661|26
3662|26
3663|5
3664|0
3665|3
3666|13
3667|19
3668|19
3669|13
3670|15
3671|1
3672|9
3673|12
3674|19
3675|22
3676|1
3677|15
3678|22
3679|4
3680|5
3681|16
3682|3
3683|26
3684|5
3685|9
3686|3
3687|15
3688|0
3689|4
3690|7
3691|9
3692|6
3693|14
3694|5
3695|22
3696|10
3697|14
3698|26
3699|4
3700|6
3701|23
3702|2
3703|11
3704|10
3705|16
3706|24
3707|26
3708|10
3709|21
3710|22
3711|20
3712|19
3713|5
3714|1
3715|1
3716|1
3717|23
3718|21
3719|24
3720|21
3721|19
3722|19
3723|8
3724|11
3725|19
3726|19
3727|10
3728|23
3729|5
3730|4
3731|16
3732|22
3733|9
3734|13
3735|17
3736|6
3737|26
3738|23
3739|18
3740|23
3741|2
3742|20
3743|6
3744|17
3745|22
3746|5
3747|19
3748|5
3749|22
3750|19
3751|5
3752|21
3753|14
3754|1
3755|19
3756|18
3757|5
3758|6
3759|7
3760|10
3761|12
3762|19
3763|20
3764|8
3765|0
3766|24
3767|27
3768|1
3769|16
3770|2
3771|27
3772|1
3773|15
3774|14
3775|0
3776|9
3777|23
3778|10
3779|13
3780|6
3781|5
3782|7
3783|1
3784|1
3785|15
3786|19
3787|4
3788|1
3789|13
3790|6
3791|17
3792|19
3793|4
3794|3
3795|5
3796|20
3797|21
3798|2
3799|26
3800|19
3801|12
3802|6
3803|21
3804|5
3805|6
3806|7
3807|1
3808|14
3809|9
3810|7
3811|6
3812|5
3813|4
3814|24
3815|2
3816|3
3817|22
3818|14
3819|5
3820|19
3821|19
3822|5
3823|22
3824|2
3825|6
3826|18
3827|19
3828|23
3829|22
3830|6
3831|11
3832|16
3833|26
3834|19
3835|17
3836|17
3837|21
3838|16
3839|9
3840|5
3841|9
3842|20
3843|13
3844|2
3845|7
3846|11
3847|11
3848|19
3849|0
3850|1
3851|21
3852|19
3853|13
3854|7
3855|23
3856|14
3857|12
3858|14
3859|10
3860|19
3861|12
3862|21
3863|9
3864|24
3865|5
3866|7
3867|27
3868|23
3869|9
3870|27
3871|1
3872|13
3873|15
3874|1
3875|8
3876|7
3877|1
3878|20
3879|10
3880|13
3881|0
3882|16
3883|19
3884|20
3885|12
3886|6
3887|0
3888|22
3889|13
3890|24
3891|4
3892|3
3893|8
3894|24
3895|14
3896|9
3897|6
3898|16
3899|5
3900|8
3901|17
3902|10
3903|18
3904|19
3905|17
3906|20
3907|13
3908|20
3909|1
3910|1
3911|2
3912|7
3913|22
3914|9
3915|18
3916|24
3917|12
3918|15
3919|4
3920|14
3921|22
3922|11
3923|7
3924|8
3925|22
3926|22
3927|13
3928|10
3929|9
3930|26
3931|7
3932|19
3933|25
3934|9
3935|6
3936|19
3937|13
3938|0
3939|24
3940|15
3941|20
3942|0
3943|11
3944|19
3945|7
3946|6
3947|20
3948|19
3949|2
3950|5
3951|15
3952|11
3953|2
3954|21
3955|12
3956|20
3957|1
3958|21
3959|15
3960|19
3961|6
3962|4
3963|25
3964|19
3965|17
3966|21
3967|24
3968|13
3969|13
3970|20
3971|12
3972|21
3973|6
3974|19
3975|4
3976|12
3977|27
3978|23
3979|1
3980|19
3981|21
3982|5
3983|16
3984|27
3985|15
3986|24
3987|14
3988|19
3989|22
3990|18
3991|13
3992|9
3993|15
3994|13
3995|10
3996|21
3997|17
3998|13
3999|26
4000|8
4001|15
4002|1
4003|4
4004|23
4005|6
4006|11
4007|12
4008|23
4009|27
4010|19
4011|1
4012|27
4013|5
4014|0
4015|24
4016|22
4017|0
4018|1
4019|6
4020|6
4021|5
4022|19
4023|3
4024|11
4025|26
4026|24
4027|20
4028|13
4029|2
4030|24
4031|9
4032|24
4033|13
4034|6
4035|20
4036|0
4037|7
4038|9
4039|6
4040|11
4041|20
4042|0
4043|1
4044|1
4045|14
4046|19
4047|4
4048|24
4049|19
4050|13
4051|7
4052|19
4053|11
4054|21
4055|13
4056|5
4057|0
4058|10
4059|5
4060|24
4061|1
4062|15
4063|4
4064|25
4065|11
4066|20
4067|9
4068|18
4069|16
4070|7
4071|26
4072|17
4073|5
4074|5
4075|18
4076|5
4077|9
4078|13
4079|27
4080|9
4081|5
4082|6
4083|17
4084|17
4085|9
4086|18
4087|23
4088|0
4089|0
4090|19
4091|12
4092|21
4093|24
4094|6
4095|15
4096|21
4097|14
4098|24
4099|0
4100|0
4101|1
4102|19
4103|1
4104|6
4105|18
4106|19
4107|20
4108|11
4109|13
4110|14
4111|14
4112|3
4113|5
4114|19
4115|11
4116|25
4117|19
4118|19
4119|4
4120|25
4121|6
4122|15
4123|12
4124|12
4125|16
4126|18
4127|11
4128|12
4129|13
4130|13
4131|22
4132|0
4133|19
4134|27
4135|24
4136|16
4137|5
4138|9
4139|22
4140|13
4141|24
4142|5
4143|0
4144|19
4145|10
4146|19
4147|25
4148|9
4149|14
4150|19
4151|22
4152|22
4153|12
4154|11
4155|22
4156|2
4157|12
4158|19
4159|24
4160|2
4161|20
4162|0
4163|24
4164|12
4165|0
4166|10
4167|14
4168|10
4169|23
4170|23
4171|1
4172|22
4173|25
4174|5
4175|26
4176|14
4177|4
4178|5
4179|14
4180|5
4181|4
4182|1
4183|14
4184|6
4185|13
4186|9
4187|2
4188|19
4189|13
4190|16
4191|27
4192|9
4193|5
4194|19
4195|6
4196|10
4197|15
4198|24
4199|2
4200|27
4201|17
4202|2
4203|5
4204|20
4205|10
4206|26
4207|13
4208|6
4209|3
4210|10
4211|26
4212|7
4213|19
4214|20
4215|24
4216|11
4217|7
4218|1
4219|19
4220|4
4221|13
4222|2
4223|9
4224|14
4225|22
4226|17
4227|8
4228|26
4229|25
4230|5
4231|16
4232|6
4233|11
4234|6
4235|19
4236|3
4237|24
4238|12
4239|18
4240|27
4241|5
4242|25
4243|5
4244|9
4245|1
4246|5
4247|22
4248|3
4249|17
4250|20
4251|19
4252|6
4253|1
4254|9
4255|13
4256|10
4257|1
4258|5
4259|12
4260|1
4261|1
4262|15
4263|5
4264|18
4265|3
4266|24
4267|13
4268|24
4269|13
4270|12
4271|1
4272|1
4273|23
4274|20
4275|6
4276|6
4277|20
4278|27
4279|19
4280|17
4281|12
4282|24
4283|27
4284|15
4285|8
4286|19
4287|9
4288|11
4289|23
4290|4
4291|7
4292|13
4293|11
4294|17
4295|11
4296|22
4297|0
4298|20
4299|14
4300|2
4301|20
4302|26
4303|12
4304|1
4305|5
4306|0
4307|19
4308|13
4309|2
4310|12
4311|25
4312|5
4313|0
4314|21
4315|20
4316|20
4317|26
4318|24
4319|27
4320|14
4321|20
4322|5
4323|2
4324|19
4325|21
4326|7
4327|4
4328|19
4329|0
4330|27
4331|20
4332|9
4333|5
4334|27
4335|23
4336|16
4337|9
4338|4
4339|22
4340|16
4341|16
4342|25
4343|26
4344|24
4345|4
4346|24
4347|11
4348|27
4349|5
4350|0
4351|19
4352|17
4353|19
4354|10
4355|25
4356|5
4357|4
4358|16
4359|6
4360|7
4361|19
4362|16
4363|26
4364|0
4365|24
4366|22
4367|6
4368|26
4369|21
4370|8
4371|5
4372|24
4373|0
4374|20
4375|22
4376|11
4377|1
4378|16
4379|19
4380|16
4381|25
4382|22
4383|8
4384|17
4385|6
4386|1
4387|20
4388|5
4389|24
4390|17
4391|1
4392|22
4393|6
4394|21
4395|1
4396|1
4397|20
4398|3
4399|16
4400|24
4401|5
4402|1
4403|13
4404|20
4405|21
4406|13
4407|0
4408|2
4409|19
4410|5
4411|5
4412|24
4413|20
4414|12
4415|1
4416|15
4417|14
4418|0
4419|4
4420|22
4421|24
4422|23
4423|17
4424|22
4425|26
4426|13
4427|13
4428|5
4429|24
4430|22
4431|4
4432|18
4433|12
4434|3
4435|20
4436|21
4437|12
4438|22
4439|0
4440|9
4441|23
4442|5
4443|14
4444|1
4445|19
4446|5
4447|6
4448|5
4449|11
4450|19
4451|20
4452|20
4453|2
4454|9
4455|3
4456|26
4457|27
4458|26
4459|13
4460|22
4461|14
4462|17
4463|14
4464|20
4465|16
4466|14
4467|9
4468|19
4469|26
4470|15
4471|0
4472|0
4473|19
4474|24
4475|19
4476|24
4477|0
4478|11
4479|13
4480|22
4481|9
4482|24
4483|19
4484|0
4485|17
4486|20
4487|5
4488|27
4489|5
4490|4
4491|3
4492|20
4493|19
4494|1
4495|20
4496|16
4497|1
4498|8
4499|14
4500|5
4501|7
4502|15
4503|1
4504|1
4505|23
4506|19
4507|9
4508|22
4509|14
4510|3
4511|16
4512|9
4513|19
4514|22
4515|5
4516|17
4517|20
4518|9
4519|16
4520|5
4521|4
4522|26
4523|25
4524|21
4525|18
4526|22
4527|1
4528|22
4529|19
4530|0
4531|1
4532|22
4533|26
4534|27
4535|13
4536|19
4537|1
4538|19
4539|17
4540|23
4541|25
4542|15
4543|1
4544|16
4545|17
4546|20
4547|3
4548|3
4549|19
4550|5
4551|9
4552|21
4553|22
4554|20
4555|11
4556|1
4557|26
4558|19
4559|6
4560|22
4561|21
4562|1
4563|25
4564|14
4565|22
4566|9
4567|20
4568|20
4569|4
4570|2
4571|3
4572|13
4573|5
4574|20
4575|22
4576|17
4577|17
4578|26
4579|14
4580|10
4581|26
4582|2
4583|5
4584|23
4585|17
4586|0
4587|12
4588|20
4589|26
4590|9
4591|12
4592|1
4593|19
4594|4
4595|16
4596|17
4597|15
4598|10
4599|25
4600|14
4601|25
4602|1
4603|9
4604|22
4605|19
4606|20
4607|22
4608|5
4609|21
4610|16
4611|20
4612|17
4613|9
4614|19
4615|8
4616|2
4617|19
4618|0
4619|8
4620|5
4621|5
4622|17
4623|15
4624|5
4625|24
4626|0
4627|14
4628|26
4629|5
4630|19
4631|22
4632|17
4633|2
4634|20
4635|9
4636|3
4637|1
4638|16
4639|26
4640|22
4641|4
4642|10
4643|22
4644|1
4645|20
4646|12
4647|5
4648|2
4649|22
4650|4
4651|12
4652|8
4653|23
4654|5
4655|0
4656|22
4657|27
4658|20
4659|26
4660|12
4661|9
4662|12
4663|4
4664|9
4665|22
4666|3
4667|1
4668|16
4669|17
4670|23
4671|11
4672|9
4673|12
4674|24
4675|5
4676|26
4677|5
4678|23
4679|20
4680|22
4681|19
4682|21
4683|20
4684|15
4685|2
4686|5
4687|26
4688|5
4689|22
4690|20
4691|27
4692|17
4693|4
4694|17
4695|18
4696|19
4697|27
4698|0
4699|11
4700|5
4701|2
4702|11
4703|19
4704|14
4705|26
4706|5
4707|20
4708|5
4709|26
4710|1
4711|3
4712|21
4713|20
4714|20
4715|20
4716|26
4717|15
4718|11
4719|1
4720|5
4721|25
4722|20
4723|7
4724|1
4725|26
4726|10
4727|15
4728|5
4729|15
4730|19
4731|19
4732|27
4733|0
4734|6
4735|27
4736|20
4737|20
4738|26
4739|21
4740|2
4741|9
4742|5
4743|20
4744|19
4745|22
4746|18
4747|26
4748|4
4749|1
4750|0
4751|14
4752|22
4753|0
4754|5
4755|22
4756|20
4757|0
4758|16
4759|3
4760|26
4761|5
4762|13
4763|15
4764|22
4765|4
4766|22
4767|4
4768|26
4769|12
4770|5
4771|8
4772|26
4773|17
4774|20
4775|1
4776|5
4777|13
4778|20
4779|4
4780|8
4781|21
4782|26
4783|0
4784|7
4785|5
4786|3
4787|16
4788|12
4789|14
4790|14
4791|3
4792|19
4793|19
4794|5
4795|19
4796|20
4797|25
4798|16
4799|22
4800|20
4801|1
4802|17
4803|5
4804|10
4805|11
4806|10
4807|11
4808|0
4809|13
4810|20
4811|15
4812|19
4813|1
4814|7
4815|23
4816|26
4817|20
4818|12
4819|23
4820|17
4821|4
4822|1
4823|0
4824|19
4825|10
4826|5
4827|19
4828|26
4829|13
4830|3
4831|0
4832|5
4833|17
4834|14
4835|22
4836|25
4837|19
4838|0
4839|19
4840|21
4841|26
4842|5
4843|27
4844|22
4845|10
4846|17
4847|1
4848|26
4849|20
4850|1
4851|3
4852|5
4853|20
4854|22
4855|13
4856|2
4857|26
4858|9
4859|19
4860|2
4861|20
4862|12
4863|12
4864|26
4865|22
4866|3
4867|5
4868|16
4869|1
4870|18
4871|20
4872|14
4873|19
4874|27
4875|9
4876|5
4877|24
4878|3
4879|26
4880|19
4881|20
4882|25
4883|0
4884|10
4885|11
4886|19
4887|20
4888|25
4889|26
4890|19
4891|21
4892|3
4893|18
4894|19
4895|19
4896|25
4897|21
4898|1
4899|12
4900|17
4901|26
4902|11
4903|27
4904|14
4905|12
4906|19
4907|5
4908|5
4909|26
4910|13
4911|20
4912|10
4913|22
4914|22
4915|9
4916|7
4917|5
4918|10
4919|20
4920|9
4921|26
4922|20
4923|10
4924|3
4925|22
4926|20
4927|1
4928|20
4929|5
4930|12
4931|9
4932|8
4933|12
4934|2
4935|5
4936|5
4937|17
4938|19
4939|21
4940|20
4941|12
4942|9
4943|9
4944|5
4945|23
4946|19
4947|0
4948|5
4949|19
4950|10
4951|5
4952|26
4953|19
4954|9
4955|17
4956|20
4957|0
4958|8
4959|0
4960|19
4961|2
4962|20
4963|3
4964|2
4965|25
4966|26
4967|27
4968|19
4969|11
4970|16
4971|15
4972|17
4973|4
4974|9
4975|5
4976|10
4977|22
4978|12
4979|5
4980|15
4981|0
4982|22
4983|3
4984|9
4985|15
4986|15
4987|17
4988|5
4989|26
4990|5
4991|13
4992|20
4993|3
4994|12
4995|26
4996|17
4997|14
4998|22
4999|24
5000|5
5001|3
5002|7
5003|1
5004|25
5005|15
5006|27
5007|1
5008|22
5009|9
5010|17
5011|11
5012|5
5013|23
5014|26
5015|27
5016|3
5017|19
5018|21
5019|20
5020|9
5021|22
5022|24
5023|26
5024|16
5025|16
5026|3
5027|10
5028|5
5029|24
5030|14
5031|25
5032|23
5033|7
5034|11
5035|0
5036|26
5037|21
5038|17
5039|3
5040|15
5041|5
5042|10
5043|5
5044|24
5045|27
5046|19
5047|12
5048|6
5049|22
5050|3
5051|17
5052|10
5053|25
5054|16
5055|19
5056|9
5057|5
5058|26
5059|6
5060|19
5061|21
5062|15
5063|19
5064|10
5065|2
5066|5
5067|9
5068|26
5069|3
5070|5
5071|27
5072|18
5073|4
5074|10
5075|20
5076|10
5077|1
5078|17
5079|16
5080|17
5081|22
5082|7
5083|26
5084|5
5085|24
5086|14
5087|9
5088|1
5089|9
5090|22
5091|5
5092|4
5093|6
5094|5
5095|27
5096|11
5097|10
5098|9
5099|26
5100|8
5101|19
5102|6
5103|26
5104|5
5105|22
5106|24
5107|19
5108|5
5109|8
5110|16
5111|3
5112|14
5113|22
5114|26
5115|21
5116|2
5117|27
5118|5
5119|3
5120|17
5121|26
5122|22
5123|17
5124|7
5125|15
5126|5
5127|3
5128|16
5129|4
5130|13
5131|5
5132|16
5133|6
5134|19
5135|26
5136|9
5137|5
5138|25
5139|19
5140|21
5141|4
5142|21
5143|27
5144|9
5145|5
5146|3
5147|17
5148|27
5149|17
5150|19
5151|26
5152|9
5153|26
5154|26
5155|27
5156|21
5157|6
5158|6
5159|20
5160|5
5161|5
5162|6
5163|18
5164|5
5165|17
5166|13
5167|26
5168|20
5169|9
5170|27
5171|5
5172|3
5173|23
5174|9
5175|23
5176|21
5177|20
5178|5
5179|2
5180|3
5181|15
5182|15
5183|7
5184|14
5185|14
5186|4
5187|26
5188|9
5189|3
5190|13
5191|5
5192|26
5193|25
5194|24
5195|23
5196|8
5197|19
5198|10
5199|9
5200|16
5201|5
5202|26
5203|24
5204|10
5205|27
5206|5
5207|5
5208|26
5209|15
5210|2
5211|8
5212|5
5213|3
5214|26
5215|22
5216|12
5217|2
5218|19
5219|26
5220|16
5221|26
5222|3
5223|4
5224|6
5225|17
5226|26
5227|5
5228|9
5229|4
5230|16
5231|5
5232|19
5233|12
5234|5
5235|8
5236|27
5237|19
5238|10
5239|5
5240|10
5241|9
5242|4
5243|9
5244|19
5245|15
5246|20
5247|22
5248|1
5249|4
5250|11
5251|26
5252|22
5253|3
5254|7
5255|22
5256|17
5257|13
5258|9
5259|13
5260|14
5261|4
5262|0
5263|5
5264|22
5265|16
5266|9
5267|5
5268|3
5269|9
5270|17
5271|26
5272|5
5273|4
5274|16
5275|5
5276|26
5277|23
5278|2
5279|19
5280|13
5281|16
5282|0
5283|5
5284|5
5285|4
5286|15
5287|26
5288|10
5289|18
5290|26
5291|4
5292|23
5293|20
5294|19
5295|19
5296|5
5297|9
5298|26
5299|21
5300|5
5301|19
5302|27
5303|15
5304|17
5305|6
5306|3
5307|26
5308|5
5309|25
5310|17
5311|26
5312|26
5313|22
5314|19
5315|9
5316|23
5317|16
5318|17
5319|13
5320|11
5321|18
5322|9
5323|6
5324|9
5325|7
5326|4
5327|21
5328|16
5329|18
5330|26
5331|2
5332|23
5333|26
5334|9
5335|12
5336|7
5337|12
5338|5
5339|13
5340|27
5341|19
5342|7
5343|22
5344|19
5345|10
5346|15
5347|26
5348|26
5349|17
5350|2
5351|3
5352|9
5353|20
5354|3
5355|26
5356|10
5357|19
5358|16
5359|13
5360|4
5361|2
5362|9
5363|20
5364|12
5365|19
5366|26
5367|15
5368|26
5369|15
5370|2
5371|16
5372|10
5373|2
5374|13
5375|8
5376|9
5377|0
5378|15
5379|17
5380|19
5381|16
5382|20
5383|9
5384|24
5385|5
5386|10
5387|14
5388|4
5389|2
5390|3
5391|21
5392|9
5393|13
5394|27
5395|2
5396|25
5397|6
5398|4
5399|3
5400|12
5401|10
5402|9
5403|19
5404|23
5405|4
5406|9
5407|27
5408|16
5409|13
5410|3
5411|17
5412|14
5413|21
5414|19
5415|7
5416|9
5417|15
5418|16
5419|23
5420|8
5421|17
5422|9
5423|23
5424|3
5425|9
5426|3
5427|17
5428|19
5429|4
5430|4
5431|13
5432|5
5433|19
5434|19
5435|4
5436|5
5437|9
5438|7
5439|26
5440|5
5441|6
5442|0
5443|9
5444|4
5445|9
5446|17
5447|16
5448|4
5449|24
5450|13
5451|27
5452|5
5453|10
5454|7
5455|10
5456|3
5457|10
5458|20
5459|0
5460|12
5461|16
5462|25
5463|12
5464|21
5465|16
5466|10
5467|16
5468|11
5469|24
5470|26
5471|1
5472|8
5473|18
5474|16
5475|12
5476|16
5477|16
5478|22
5479|19
5480|1
5481|16
5482|22
5483|10
5484|25
5485|16
5486|9
5487|16
5488|3
5489|16
5490|11
5491|12
5492|22
5493|16
5494|11
5495|1
5496|12
5497|5
5498|16
5499|16
5500|16
5501|11
5502|14
5503|0
5504|16
5505|16
5506|19
5507|19
5508|14
5509|22
